"cluster","250519_150601.mea","250519_161058.mea","250519_171554.mea","250519_182051.mea","250519_192549.mea","250519_203045.mea","250519_224039.mea","250519_234535.mea","250520_005033.mea","250520_015530.mea","250520_030027.mea","250520_051343.mea","250520_141131.mea","250520_151627.mea","250520_162123.mea","250520_172618.mea","250520_183115.mea","250520_193613.mea","250520_214606.mea","250520_225105.mea","250520_235604.mea","250521_010101.mea","250521_020558.mea","250521_041917.mea","250521_144429.mea","250521_154926.mea","250521_165422.mea","250521_175919.mea","250522_102552.mea","250522_123546.mea","250522_134042.mea","250522_144540.mea","250522_155037.mea","250522_165536.mea","250522_190530.mea","250522_222342.mea","250522_232839.mea","250523_003336.mea","250523_013832.mea","250523_024330.mea","250523_045326.mea","250523_055821.mea","250523_070318.mea","250523_091312.mea"
"Cluster311",1,NA,NA,1,NA,NA,NA,1,NA,NA,NA,NA,1,NA,1,1,NA,NA,NA,NA,NA,NA,1,NA,NA,1,1,1,NA,NA,NA,NA,NA,NA,NA,NA,NA,NA,NA,NA,NA,NA,NA,NA
"Cluster10",1,NA,1,NA,NA,NA,1,NA,NA,NA,NA,1,1,NA,1,NA,NA,NA,1,NA,NA,NA,NA,NA,1,NA,NA,NA,NA,1,NA,NA,NA,NA,1,NA,NA,NA,NA,NA,1,NA,NA,1
"Cluster341",1,1,NA,NA,NA,NA,NA,NA,NA,NA,NA,NA,1,1,1,NA,1,NA,NA,NA,NA,NA,NA,NA,1,1,NA,NA,NA,NA,NA,NA,NA,NA,NA,NA,NA,NA,NA,NA,NA,NA,NA,NA
"Cluster291",1,NA,1,NA,NA,NA,1,NA,NA,NA,NA,1,1,NA,1,NA,NA,NA,1,NA,NA,NA,NA,1,1,NA,NA,NA,NA,1,NA,NA,NA,NA,1,1,NA,NA,NA,NA,1,NA,NA,1
"Cluster25",1,NA,NA,NA,NA,NA,NA,NA,NA,NA,NA,1,1,NA,NA,NA,NA,NA,1,NA,NA,NA,NA,1,1,NA,NA,NA,NA,1,NA,NA,NA,NA,1,NA,NA,NA,NA,NA,NA,NA,NA,1
"Cluster36",1,NA,1,NA,NA,NA,1,NA,NA,NA,NA,1,1,NA,1,NA,NA,NA,1,NA,NA,NA,NA,1,1,NA,NA,NA,NA,1,NA,NA,NA,NA,1,1,NA,NA,NA,NA,1,NA,NA,1
"Cluster100",1,NA,1,NA,NA,NA,1,NA,NA,NA,NA,NA,1,NA,1,NA,NA,NA,1,NA,NA,NA,NA,NA,1,NA,NA,NA,NA,1,NA,NA,NA,NA,NA,1,NA,NA,NA,NA,1,NA,NA,1
"Cluster3",1,NA,1,NA,1,NA,1,NA,1,1,NA,1,1,NA,1,NA,NA,NA,1,NA,NA,NA,NA,1,1,NA,NA,NA,NA,1,NA,NA,NA,NA,1,1,NA,NA,NA,NA,1,NA,NA,1
"Cluster241",1,NA,1,NA,NA,NA,1,NA,NA,NA,NA,1,1,NA,1,NA,NA,NA,1,NA,NA,NA,NA,1,1,NA,NA,NA,NA,1,NA,NA,NA,NA,1,1,NA,NA,NA,NA,1,NA,NA,1
"Cluster21",1,NA,1,NA,NA,NA,1,NA,NA,NA,NA,NA,NA,NA,1,NA,NA,NA,NA,NA,NA,NA,NA,NA,NA,NA,NA,NA,NA,NA,NA,NA,NA,NA,NA,1,NA,NA,NA,NA,1,NA,NA,NA
"Cluster9",1,NA,1,NA,NA,NA,1,NA,NA,NA,NA,1,1,NA,1,NA,NA,NA,1,NA,NA,NA,NA,1,1,NA,NA,NA,NA,1,NA,NA,NA,NA,1,1,NA,NA,NA,NA,1,NA,NA,1
"Cluster30",1,1,NA,NA,NA,NA,NA,1,NA,NA,NA,NA,1,1,1,1,1,1,NA,NA,NA,NA,NA,NA,1,1,NA,NA,NA,NA,NA,NA,NA,NA,NA,NA,1,NA,NA,NA,NA,NA,NA,NA
"Cluster134",1,NA,1,NA,NA,NA,NA,NA,NA,NA,NA,NA,NA,NA,NA,NA,NA,NA,NA,NA,NA,NA,NA,NA,NA,NA,NA,NA,NA,NA,NA,1,NA,NA,NA,NA,NA,NA,1,NA,NA,NA,NA,NA
"Cluster302",1,1,1,1,1,NA,1,1,NA,1,1,1,1,1,1,1,1,NA,1,1,1,1,NA,1,1,1,NA,NA,1,1,NA,1,NA,1,1,1,1,1,1,1,1,1,NA,1
"Cluster342",1,1,1,NA,NA,NA,1,1,NA,1,1,1,1,NA,1,NA,NA,NA,1,1,1,1,NA,1,1,1,NA,NA,NA,1,NA,1,NA,1,1,1,1,1,1,1,1,1,NA,1
"Cluster16",1,NA,1,NA,NA,NA,1,NA,NA,NA,NA,1,1,NA,1,NA,NA,NA,1,NA,NA,NA,NA,1,1,NA,NA,NA,NA,1,NA,NA,NA,NA,1,1,NA,NA,NA,NA,1,NA,NA,1
"Cluster56",1,1,1,1,1,1,1,NA,1,1,1,1,1,1,1,1,1,1,1,1,1,1,1,1,1,NA,1,1,1,1,1,1,NA,NA,1,1,NA,NA,NA,1,1,1,1,1
"Cluster15",1,NA,1,NA,NA,NA,1,NA,NA,NA,NA,1,1,NA,1,NA,NA,NA,1,NA,NA,NA,NA,1,1,NA,NA,NA,NA,1,NA,NA,NA,NA,1,1,NA,NA,NA,NA,1,NA,NA,1
"Cluster166",1,1,1,1,1,1,1,1,1,1,1,1,1,1,1,1,1,1,1,1,1,1,1,1,1,1,1,1,1,1,1,1,1,1,1,1,1,1,1,1,1,1,1,1
"Cluster175",1,1,1,1,1,1,1,1,1,NA,1,1,1,NA,1,NA,NA,NA,1,1,1,NA,NA,1,1,1,NA,NA,NA,1,1,1,NA,1,1,1,1,1,1,1,1,1,1,1
"Cluster18",1,NA,1,NA,NA,NA,1,NA,NA,NA,NA,1,1,NA,1,NA,NA,NA,1,NA,NA,NA,NA,1,1,NA,NA,NA,NA,1,NA,NA,NA,NA,1,1,NA,NA,NA,NA,1,NA,NA,1
"Cluster43",1,1,1,1,1,1,1,1,1,1,1,1,1,1,1,1,1,1,1,1,1,1,1,1,1,1,1,1,1,1,1,1,1,1,1,1,1,1,1,1,1,1,1,1
"Cluster151",1,1,1,1,1,1,1,1,1,1,1,1,1,1,1,1,1,1,1,1,1,1,1,1,1,1,1,1,1,1,1,1,1,1,1,1,1,1,1,1,1,1,1,1
"Cluster274",1,NA,1,NA,1,NA,NA,NA,1,1,1,NA,1,1,1,1,1,NA,1,1,1,1,1,NA,1,1,1,1,NA,NA,1,NA,1,1,1,NA,1,1,NA,1,1,NA,1,NA
"Cluster8",1,NA,1,NA,NA,NA,1,NA,NA,NA,NA,1,1,NA,1,NA,NA,NA,1,NA,NA,NA,NA,1,1,NA,NA,NA,NA,1,NA,NA,NA,NA,1,1,NA,NA,NA,NA,1,NA,NA,1
"Cluster31",1,NA,NA,NA,NA,NA,NA,NA,NA,NA,NA,NA,1,1,NA,NA,NA,NA,NA,NA,1,NA,NA,NA,1,1,NA,NA,NA,NA,NA,NA,NA,NA,NA,NA,NA,NA,NA,NA,NA,NA,NA,NA
"Cluster67",1,1,1,NA,1,1,1,1,1,1,1,1,1,1,1,1,1,1,1,1,1,1,1,1,1,1,NA,NA,1,1,1,1,1,1,1,1,1,1,NA,1,1,1,1,1
"Cluster217",1,1,1,1,NA,NA,1,1,1,1,1,1,1,1,1,1,1,1,NA,NA,1,1,1,NA,1,1,1,1,NA,NA,1,1,NA,NA,NA,1,1,NA,NA,NA,NA,1,1,NA
"Cluster290",1,1,NA,NA,NA,1,NA,NA,1,NA,NA,NA,NA,NA,NA,NA,NA,NA,NA,NA,NA,NA,NA,NA,NA,NA,NA,NA,NA,NA,NA,NA,NA,NA,NA,NA,NA,NA,NA,NA,NA,NA,NA,NA
"Cluster78",1,NA,1,NA,NA,1,1,NA,NA,NA,NA,1,1,NA,1,NA,NA,1,1,NA,NA,NA,NA,1,1,NA,NA,NA,NA,1,NA,NA,NA,NA,1,1,1,NA,1,NA,1,NA,NA,1
"Cluster133",1,NA,1,1,1,1,1,1,1,1,1,1,1,1,1,1,1,1,1,1,1,1,1,1,1,1,1,1,1,1,1,1,1,1,1,1,1,1,1,1,1,1,1,1
"Cluster4",1,1,1,1,1,1,NA,1,1,1,NA,NA,1,1,1,1,1,NA,NA,NA,1,NA,NA,NA,1,1,1,1,NA,NA,NA,1,NA,NA,NA,1,1,NA,1,NA,NA,NA,NA,NA
"Cluster26",1,NA,1,NA,NA,NA,1,NA,NA,NA,NA,1,1,NA,1,NA,NA,NA,1,NA,NA,NA,NA,1,1,NA,NA,NA,NA,1,NA,NA,NA,NA,1,1,NA,NA,NA,NA,1,NA,NA,1
"Cluster239",1,NA,1,NA,NA,NA,1,NA,NA,NA,NA,1,NA,NA,NA,NA,NA,NA,1,NA,NA,NA,NA,NA,NA,NA,NA,NA,NA,NA,NA,NA,NA,NA,1,NA,NA,NA,NA,NA,NA,NA,NA,NA
"Cluster132",1,NA,1,1,1,1,1,1,NA,1,1,1,1,1,1,1,NA,NA,1,1,1,NA,NA,1,1,1,NA,NA,NA,1,1,1,1,NA,1,1,NA,NA,1,1,1,1,NA,1
"Cluster203",1,NA,1,NA,NA,NA,1,NA,NA,NA,NA,1,1,NA,1,NA,NA,NA,1,NA,NA,NA,NA,1,1,NA,NA,NA,NA,1,NA,NA,NA,NA,1,1,NA,NA,NA,NA,1,NA,NA,1
"Cluster286",1,NA,NA,NA,NA,NA,NA,NA,NA,NA,NA,1,NA,NA,NA,NA,NA,NA,NA,NA,NA,NA,NA,1,NA,NA,NA,NA,NA,NA,NA,NA,NA,NA,1,NA,NA,NA,NA,NA,NA,NA,NA,1
"Cluster317",1,1,1,1,1,1,1,1,1,1,1,1,1,1,1,1,1,1,1,1,1,1,1,1,1,1,1,1,1,1,1,1,1,1,1,1,1,1,1,1,1,1,1,1
"Cluster17",1,NA,1,NA,NA,NA,1,NA,NA,NA,NA,1,1,NA,1,NA,NA,NA,1,NA,NA,NA,NA,1,1,NA,NA,NA,NA,1,NA,NA,NA,NA,1,1,NA,NA,NA,NA,1,NA,NA,1
"Cluster147",1,1,1,1,1,1,1,1,1,1,1,1,1,1,1,1,1,1,1,1,1,1,1,1,1,1,1,1,1,1,1,1,1,1,1,1,1,1,1,1,1,1,1,1
"Cluster263",1,1,1,1,1,1,1,1,1,1,1,1,1,1,1,1,1,1,1,1,1,1,1,1,1,1,1,1,1,1,1,1,1,1,1,1,1,1,1,1,1,1,1,1
"Cluster296",1,1,NA,NA,NA,NA,NA,1,NA,1,1,1,1,NA,1,1,1,1,NA,1,1,NA,NA,1,1,1,NA,NA,1,1,1,NA,1,1,1,NA,1,NA,NA,1,NA,NA,1,1
"Cluster320",1,NA,1,NA,NA,1,1,1,1,NA,NA,1,1,NA,1,NA,NA,NA,1,1,NA,NA,NA,1,1,NA,NA,NA,NA,1,NA,NA,NA,NA,1,1,NA,NA,NA,NA,1,NA,NA,1
"Cluster338",1,1,1,1,NA,NA,1,1,1,NA,1,1,1,NA,1,NA,NA,NA,1,1,1,NA,NA,1,1,1,NA,NA,NA,1,1,1,1,1,1,1,1,1,1,1,1,1,NA,1
"Cluster126",1,NA,1,NA,NA,NA,1,NA,NA,NA,NA,1,1,NA,1,NA,NA,NA,1,NA,NA,NA,NA,1,1,NA,NA,NA,NA,1,NA,NA,NA,NA,1,1,NA,NA,NA,NA,1,NA,NA,1
"Cluster246",1,1,1,1,1,1,1,1,1,1,1,1,1,1,1,1,1,1,1,1,1,1,1,1,1,1,1,1,1,1,1,1,1,1,1,1,1,1,1,1,1,1,1,1
"Cluster251",1,1,1,1,1,1,1,1,1,1,1,1,1,1,1,1,1,1,1,1,1,1,1,1,1,1,1,1,1,1,1,1,1,1,1,1,1,1,1,1,1,NA,1,1
"Cluster301",1,1,1,1,1,1,1,1,1,1,1,1,1,1,1,1,1,1,1,1,1,1,1,1,1,1,1,1,1,1,1,1,1,1,1,1,1,1,1,1,1,1,1,1
"Cluster143",1,NA,1,NA,NA,NA,1,NA,NA,NA,NA,NA,1,NA,1,NA,NA,NA,1,NA,NA,NA,NA,NA,1,NA,NA,NA,NA,1,NA,NA,NA,1,NA,1,NA,NA,NA,1,1,NA,NA,1
"Cluster139",1,1,1,1,1,1,1,NA,1,1,1,1,1,1,1,1,1,1,1,1,1,1,1,1,1,1,1,1,1,1,NA,1,1,1,1,1,1,1,1,1,1,NA,1,1
"Cluster191",1,1,1,1,1,1,1,1,1,1,1,1,1,1,1,1,1,1,1,1,1,1,1,1,1,1,1,1,1,1,1,1,1,1,1,1,1,1,1,1,1,1,1,1
"Cluster201",1,1,1,1,1,1,1,1,1,1,1,1,1,1,1,1,1,1,1,1,1,NA,1,1,1,1,1,1,1,1,1,1,1,1,1,1,1,1,1,1,1,1,1,1
"Cluster248",1,1,1,1,1,1,1,1,NA,1,1,1,1,1,1,NA,1,1,1,1,1,1,NA,1,1,1,1,NA,NA,1,NA,1,NA,1,1,1,1,1,1,NA,1,NA,1,1
"Cluster7",1,1,NA,1,1,1,1,1,1,1,1,1,1,1,1,1,1,1,1,1,NA,1,1,1,1,1,1,1,1,1,1,1,1,1,NA,1,1,1,1,1,1,1,1,NA
"Cluster77",1,1,1,1,1,1,1,1,1,1,1,1,1,1,1,1,1,1,1,1,1,1,1,1,1,1,1,1,1,1,1,1,1,1,1,1,1,1,1,1,1,1,1,1
"Cluster87",1,1,1,1,1,1,1,1,1,1,1,1,1,1,1,1,1,1,1,1,1,1,1,1,1,NA,1,1,1,1,1,1,1,1,1,1,1,1,1,1,1,1,1,1
"Cluster64",1,1,1,1,1,1,1,1,1,1,1,1,1,1,1,1,1,1,1,1,1,1,1,1,1,1,1,1,1,1,1,1,1,1,1,1,1,1,1,1,1,1,1,1
"Cluster184",1,1,1,NA,1,1,1,1,1,1,1,1,1,1,1,1,1,NA,1,1,1,1,1,1,1,1,1,NA,NA,1,1,1,1,1,1,1,1,1,1,1,1,1,1,1
"Cluster308",1,NA,1,NA,NA,NA,1,NA,NA,NA,NA,1,1,NA,1,NA,NA,NA,1,NA,NA,NA,NA,1,1,NA,NA,NA,NA,1,NA,NA,NA,NA,1,1,NA,NA,NA,NA,1,NA,NA,1
"Cluster326",1,1,1,1,1,1,1,1,1,1,1,NA,1,1,1,1,1,1,1,1,1,NA,1,1,1,1,1,1,1,1,1,1,1,1,1,1,NA,1,1,1,1,1,1,1
"Cluster332",1,NA,1,NA,NA,NA,1,NA,NA,NA,NA,1,1,NA,1,NA,NA,NA,1,NA,NA,NA,NA,1,1,NA,NA,NA,NA,1,NA,NA,NA,NA,1,1,NA,NA,NA,NA,1,NA,NA,1
"Cluster23",1,1,1,1,1,1,NA,1,1,1,1,1,1,1,1,1,1,1,1,1,1,1,1,1,1,1,1,1,1,1,1,1,1,NA,1,1,1,1,1,1,1,1,1,1
"Cluster362",1,NA,1,NA,NA,NA,NA,NA,1,NA,NA,NA,1,NA,NA,NA,1,NA,NA,NA,NA,NA,1,NA,NA,1,NA,NA,NA,NA,NA,NA,NA,NA,NA,NA,NA,NA,NA,NA,NA,NA,NA,NA
"Cluster53",1,NA,1,NA,NA,NA,1,NA,NA,NA,NA,1,1,NA,1,1,NA,1,1,NA,NA,1,NA,1,1,NA,1,NA,NA,NA,NA,NA,NA,NA,NA,1,NA,1,NA,NA,1,NA,NA,1
"Cluster115",1,NA,1,NA,NA,NA,1,NA,NA,NA,NA,1,1,NA,1,NA,NA,NA,1,NA,NA,NA,NA,1,1,NA,NA,NA,NA,1,NA,NA,NA,NA,1,1,NA,NA,NA,NA,1,NA,NA,1
"Cluster125",1,NA,1,1,1,1,1,1,1,1,1,1,1,1,1,1,1,1,1,1,1,1,1,1,1,1,1,1,1,1,1,1,1,1,1,1,1,1,1,1,1,1,NA,1
"Cluster45",1,1,1,1,1,1,1,1,1,1,1,1,1,1,1,1,1,1,1,1,1,1,1,1,1,1,1,1,1,1,1,1,1,1,1,1,1,1,1,1,1,1,1,1
"Cluster71",1,1,1,1,NA,1,1,NA,1,1,NA,1,1,1,1,NA,1,1,1,1,NA,1,1,1,1,1,1,1,NA,NA,NA,1,NA,NA,NA,1,NA,1,NA,NA,1,1,NA,NA
"Cluster153",1,1,1,NA,NA,1,1,NA,1,1,1,1,1,NA,1,NA,1,NA,1,1,1,1,1,1,1,NA,NA,NA,1,1,NA,NA,NA,NA,1,1,1,1,NA,1,1,1,1,1
"Cluster226",1,NA,1,NA,NA,NA,1,NA,NA,NA,NA,1,1,NA,1,NA,NA,NA,1,NA,NA,NA,NA,1,1,NA,NA,NA,NA,1,NA,NA,NA,NA,1,1,NA,NA,NA,NA,1,NA,NA,1
"Cluster94",1,NA,1,NA,NA,1,1,NA,1,NA,NA,1,1,NA,1,NA,NA,NA,NA,NA,NA,1,NA,1,1,NA,NA,NA,NA,1,1,1,NA,NA,1,1,NA,NA,1,1,1,1,NA,1
"Cluster116",1,NA,1,1,1,1,1,1,1,1,1,1,1,1,1,1,1,NA,1,NA,1,1,NA,1,1,1,NA,1,1,1,1,1,NA,NA,1,1,1,1,1,1,1,1,NA,1
"Cluster174",1,NA,1,NA,NA,NA,1,NA,NA,NA,NA,1,1,NA,1,NA,NA,NA,1,NA,NA,NA,NA,1,1,NA,NA,NA,NA,1,NA,NA,NA,NA,1,1,NA,NA,NA,NA,1,NA,NA,1
"Cluster281",1,1,1,1,NA,1,1,1,1,1,1,1,1,1,1,1,1,1,1,1,1,1,1,1,1,1,1,1,1,1,1,1,1,1,1,1,1,1,1,1,1,1,1,1
"Cluster155",1,1,1,1,1,1,1,1,1,1,1,1,1,1,1,1,1,1,1,1,1,1,1,1,1,1,1,1,1,1,1,1,1,1,1,1,1,1,1,1,1,1,1,1
"Cluster292",1,1,NA,1,NA,NA,1,1,NA,NA,NA,NA,1,NA,NA,1,1,NA,1,NA,NA,1,1,NA,1,NA,NA,1,NA,NA,NA,NA,NA,NA,NA,NA,NA,NA,NA,NA,NA,1,NA,NA
"Cluster150",1,1,1,NA,NA,1,1,NA,1,NA,NA,1,1,NA,1,NA,NA,NA,1,1,1,NA,NA,1,1,NA,NA,NA,NA,1,NA,1,1,NA,1,1,NA,NA,1,1,1,1,NA,1
"Cluster199",1,NA,1,NA,1,1,1,NA,1,NA,1,1,1,NA,1,1,1,1,1,1,1,1,NA,1,1,NA,1,NA,1,1,NA,1,NA,1,1,1,1,NA,1,NA,1,1,NA,1
"Cluster230",1,NA,1,NA,1,1,1,NA,NA,NA,NA,1,1,NA,1,NA,NA,NA,1,1,1,1,NA,1,1,NA,NA,NA,NA,1,NA,1,NA,NA,1,1,1,1,1,1,1,NA,NA,1
"Cluster236",1,1,1,1,1,1,1,1,1,1,1,1,1,1,1,1,1,1,1,1,1,1,1,1,1,1,1,1,1,1,1,1,1,1,1,1,1,1,1,1,1,1,1,1
"Cluster339",1,1,1,NA,1,1,1,1,1,1,1,1,NA,1,NA,1,1,1,NA,1,1,1,1,1,NA,NA,NA,NA,NA,NA,1,1,NA,NA,NA,1,NA,1,NA,NA,1,1,1,NA
"Cluster288",1,1,1,1,1,1,1,1,1,1,1,1,1,1,1,1,1,1,1,1,1,1,1,1,1,1,1,1,1,1,1,1,1,1,1,1,1,1,1,1,1,1,1,1
"Cluster255",1,NA,1,NA,NA,NA,1,NA,NA,NA,NA,1,1,NA,1,NA,NA,NA,1,NA,NA,NA,NA,1,1,NA,NA,NA,NA,1,NA,NA,NA,NA,1,1,NA,NA,NA,NA,1,NA,NA,1
"Cluster278",1,1,1,1,1,1,1,1,1,1,1,1,1,1,1,1,1,1,1,1,1,1,1,1,1,1,1,1,1,1,1,1,1,1,1,1,1,1,1,1,1,1,1,1
"Cluster146",1,1,1,1,1,NA,1,1,1,1,NA,1,1,1,1,1,1,1,1,NA,NA,NA,1,1,1,1,NA,1,1,1,1,1,NA,1,1,1,1,1,1,1,1,1,1,1
"Cluster210",1,1,1,1,1,1,1,1,1,1,1,1,1,1,1,1,1,1,1,1,1,1,1,1,1,1,1,1,1,1,1,1,1,1,1,1,1,1,1,1,1,1,1,1
"Cluster180",1,1,1,1,1,NA,1,1,NA,1,NA,1,1,1,1,NA,1,NA,1,1,NA,1,NA,1,1,1,1,1,1,1,1,1,NA,1,1,1,1,1,1,NA,1,NA,1,1
"Cluster357",1,NA,1,NA,1,1,NA,NA,NA,NA,1,NA,1,1,NA,1,1,NA,NA,1,NA,1,NA,NA,1,1,1,1,NA,NA,NA,NA,NA,NA,NA,NA,NA,NA,NA,NA,NA,1,NA,NA
"Cluster294",1,1,1,1,1,1,1,1,1,1,1,1,1,1,1,1,1,1,1,1,1,1,1,1,1,1,1,1,1,1,1,1,1,1,1,1,1,1,1,1,1,1,1,1
"Cluster198",1,NA,1,NA,NA,NA,1,NA,NA,NA,NA,1,1,NA,1,NA,NA,NA,1,NA,NA,NA,NA,1,NA,NA,NA,NA,NA,1,NA,NA,NA,NA,NA,NA,NA,NA,NA,NA,NA,NA,NA,NA
"Cluster343",1,1,1,1,1,1,1,1,1,1,1,1,1,1,1,1,1,1,1,1,1,1,1,1,1,1,1,1,1,1,1,1,1,1,1,1,1,1,1,1,1,1,1,1
"Cluster119",1,1,1,1,1,1,1,1,1,1,1,1,1,1,1,1,1,1,1,1,1,1,1,1,1,1,1,1,1,1,1,1,1,1,1,1,1,1,1,1,1,1,1,1
"Cluster346",1,1,1,1,1,1,1,1,NA,1,1,1,1,1,1,1,1,1,1,1,1,1,NA,1,1,1,1,1,1,1,1,NA,1,1,1,1,1,1,NA,1,NA,1,1,1
"Cluster222",1,NA,1,1,1,NA,1,1,NA,NA,NA,NA,1,1,1,1,1,NA,1,NA,NA,1,NA,1,1,NA,NA,NA,NA,1,NA,NA,NA,NA,1,1,1,1,1,NA,1,NA,1,NA
"Cluster106",1,1,1,NA,1,1,1,1,1,1,1,1,1,1,1,1,1,1,1,1,1,1,1,1,1,1,1,NA,1,1,1,1,1,1,1,1,1,NA,1,1,1,1,1,1
"Cluster70",1,NA,1,NA,NA,NA,1,NA,NA,1,1,1,1,NA,1,NA,NA,NA,1,NA,NA,NA,NA,1,1,NA,NA,NA,NA,1,NA,1,NA,NA,1,1,NA,NA,NA,NA,1,NA,NA,1
"Cluster282",1,1,1,1,NA,1,1,1,NA,NA,NA,1,1,1,1,1,1,NA,1,NA,1,NA,1,1,1,1,NA,1,NA,NA,NA,1,NA,NA,NA,1,NA,1,1,NA,1,1,1,1
"Cluster185",1,NA,1,NA,NA,NA,1,NA,NA,NA,NA,1,1,NA,1,NA,1,NA,1,NA,NA,1,NA,1,1,NA,NA,NA,NA,1,NA,NA,NA,NA,1,1,NA,NA,NA,NA,1,NA,NA,1
"Cluster127",1,1,1,NA,1,NA,1,NA,1,1,NA,1,1,1,1,1,1,1,1,NA,NA,NA,1,1,1,NA,NA,NA,1,1,NA,1,NA,1,1,NA,1,NA,NA,NA,1,NA,1,1
"Cluster111",1,1,1,1,NA,NA,1,NA,1,1,1,1,1,1,1,NA,1,1,1,1,1,1,1,1,1,1,NA,1,1,1,1,NA,1,1,1,1,1,1,1,1,1,1,NA,1
"Cluster28",1,1,1,1,1,1,1,1,1,1,1,1,1,1,1,1,1,1,1,1,1,1,1,1,1,NA,1,1,1,1,1,1,1,1,1,1,1,1,1,1,1,1,1,1
"Cluster105",1,1,1,NA,NA,1,1,NA,NA,1,NA,1,1,NA,1,NA,NA,NA,1,NA,NA,NA,NA,1,1,NA,NA,NA,NA,1,1,NA,NA,NA,1,1,NA,NA,NA,1,1,1,NA,1
"Cluster82",1,NA,1,1,NA,1,1,1,1,NA,NA,NA,NA,NA,NA,1,NA,NA,NA,NA,1,1,1,1,NA,NA,1,1,1,NA,1,1,NA,NA,1,1,NA,1,NA,1,1,1,1,1
"Cluster164",1,1,1,1,1,1,1,1,1,1,1,1,1,1,1,1,1,1,1,NA,1,1,1,1,1,1,1,1,1,1,1,1,1,1,1,1,1,1,1,1,1,1,1,1
"Cluster96",1,1,1,NA,1,1,1,NA,1,NA,NA,1,1,NA,1,NA,1,1,1,1,1,1,NA,1,1,1,NA,NA,NA,1,1,1,NA,1,1,1,1,NA,1,1,1,1,NA,1
"Cluster113",1,1,1,NA,1,1,1,1,1,1,1,1,1,NA,1,1,1,1,1,1,1,1,NA,1,1,1,NA,NA,1,1,NA,1,NA,1,1,1,1,1,1,1,1,1,1,1
"Cluster75",1,NA,1,1,1,1,1,1,1,1,1,1,1,1,1,1,1,1,1,1,1,1,1,1,1,1,1,1,1,1,1,1,1,1,1,1,1,1,1,1,1,1,1,1
"Cluster169",1,NA,1,NA,NA,NA,1,1,NA,NA,1,1,1,NA,1,1,1,NA,1,NA,1,NA,NA,1,1,1,NA,1,NA,1,1,NA,NA,NA,1,1,NA,NA,NA,NA,1,NA,NA,1
"Cluster316",1,NA,NA,NA,NA,NA,NA,NA,NA,NA,NA,NA,1,1,1,1,1,1,NA,NA,NA,NA,1,1,NA,NA,1,1,NA,NA,NA,NA,NA,NA,NA,NA,NA,NA,NA,NA,NA,NA,NA,NA
"Cluster172",1,1,1,NA,NA,NA,1,1,1,NA,NA,1,1,1,1,1,NA,NA,1,1,NA,1,1,1,1,NA,NA,NA,1,1,NA,1,NA,1,1,1,NA,NA,1,1,1,1,1,1
"Cluster266",1,1,1,1,1,1,1,1,1,1,1,1,1,1,1,NA,1,NA,1,1,1,1,1,1,1,1,1,1,1,1,1,1,1,1,1,1,1,NA,1,1,1,1,NA,1
"Cluster12",1,NA,NA,NA,NA,NA,NA,NA,NA,NA,NA,NA,NA,NA,NA,NA,NA,NA,NA,NA,NA,NA,NA,NA,1,NA,NA,NA,NA,NA,NA,NA,NA,NA,1,1,1,NA,NA,NA,NA,NA,NA,1
"Cluster39",1,1,1,1,1,1,1,1,1,1,1,1,1,1,1,1,1,1,1,1,1,1,1,1,1,NA,1,1,1,1,1,1,1,1,1,1,1,1,NA,1,1,1,1,1
"Cluster209",1,NA,1,NA,NA,NA,1,NA,NA,NA,NA,1,1,NA,1,NA,NA,NA,1,NA,NA,NA,NA,1,1,NA,NA,NA,NA,1,NA,NA,NA,NA,1,NA,NA,NA,NA,NA,1,NA,NA,1
"Cluster152",1,1,1,1,1,1,1,1,1,1,1,1,1,1,1,1,1,1,1,1,1,1,1,1,1,1,1,1,1,1,1,1,1,1,1,1,1,1,1,1,1,1,1,1
"Cluster276",1,1,1,1,1,1,1,1,1,1,1,1,1,1,1,1,1,1,1,1,1,1,1,1,1,1,1,1,1,1,1,1,1,1,1,1,1,1,1,NA,1,1,1,1
"Cluster224",1,NA,1,NA,1,1,1,NA,NA,NA,1,1,1,NA,1,NA,NA,1,1,1,1,1,NA,1,1,1,NA,NA,1,1,NA,1,NA,NA,1,1,1,NA,1,1,1,NA,NA,1
"Cluster130",1,1,1,1,1,1,1,1,1,1,1,1,1,1,1,1,1,1,1,1,1,1,1,1,1,1,1,1,1,1,1,1,1,1,1,1,1,1,1,1,1,1,1,1
"Cluster205",1,1,1,1,1,1,1,1,1,1,1,1,1,1,1,1,1,1,1,1,1,1,1,1,1,1,1,1,1,1,1,1,1,NA,1,1,1,1,1,1,1,1,1,1
"Cluster347",1,1,NA,NA,NA,1,1,1,1,NA,NA,NA,1,NA,1,1,NA,NA,1,NA,NA,1,1,1,NA,NA,NA,NA,1,1,NA,1,NA,NA,1,1,NA,NA,1,NA,1,NA,NA,1
"Cluster306",1,NA,1,NA,NA,NA,1,NA,NA,NA,NA,1,1,NA,1,NA,NA,NA,1,NA,NA,NA,NA,1,1,NA,NA,NA,NA,NA,NA,NA,NA,NA,NA,NA,NA,NA,1,NA,NA,NA,NA,NA
"Cluster54",1,1,1,1,1,1,1,1,1,1,1,NA,NA,NA,NA,NA,1,1,1,1,1,1,1,1,NA,NA,NA,1,1,NA,NA,1,1,1,NA,NA,1,1,1,NA,NA,1,1,NA
"Cluster138",1,NA,1,1,NA,1,1,1,1,1,NA,1,1,NA,1,1,1,NA,1,1,1,1,1,1,1,1,NA,NA,1,1,1,1,1,1,1,1,NA,1,NA,1,1,NA,1,1
"Cluster216",1,1,1,1,1,1,1,1,1,1,1,1,NA,1,1,1,1,1,1,NA,1,1,1,1,1,1,NA,NA,1,1,1,1,1,1,1,1,1,1,1,1,1,1,1,1
"Cluster350",1,1,1,1,1,1,1,1,1,1,1,1,1,NA,1,1,1,1,1,1,1,1,1,1,1,1,1,1,1,1,1,1,1,1,1,1,1,1,1,1,1,1,1,1
"Cluster52",1,1,1,1,NA,1,1,1,1,1,1,1,1,1,1,1,1,1,1,1,1,1,1,1,1,NA,1,NA,1,1,1,1,1,1,1,1,1,1,1,1,1,NA,1,1
"Cluster90",1,1,1,1,NA,1,1,NA,1,1,NA,1,1,NA,1,NA,1,1,1,NA,NA,1,1,1,1,NA,1,1,NA,1,NA,1,1,NA,1,1,NA,1,NA,NA,1,1,1,1
"Cluster200",1,NA,1,NA,1,NA,1,NA,NA,1,1,1,1,NA,1,NA,1,NA,1,1,NA,1,1,1,1,1,1,NA,1,1,NA,1,1,NA,1,1,NA,1,1,1,1,1,NA,1
"Cluster211",1,1,1,NA,NA,NA,1,1,NA,1,NA,1,1,1,1,NA,1,1,1,1,1,1,1,1,NA,1,1,NA,NA,NA,NA,NA,NA,NA,1,1,1,1,1,1,1,1,NA,1
"Cluster137",1,1,1,NA,NA,NA,1,1,1,NA,NA,1,1,NA,1,NA,NA,NA,1,NA,1,1,NA,1,1,NA,NA,NA,1,1,1,1,1,NA,1,1,NA,1,NA,1,1,NA,1,1
"Cluster260",1,NA,1,NA,1,1,1,1,NA,NA,1,1,1,1,1,1,1,1,1,1,1,1,NA,1,1,NA,NA,NA,NA,1,NA,NA,NA,1,1,1,1,1,1,NA,1,NA,1,1
"Cluster98",1,1,1,NA,1,1,1,NA,1,NA,1,1,1,1,1,1,NA,1,1,1,1,1,1,1,1,NA,NA,NA,1,1,NA,NA,NA,1,1,1,NA,NA,1,1,1,1,NA,1
"Cluster148",1,1,1,1,1,1,NA,1,1,1,1,1,1,1,1,1,1,1,1,1,1,1,NA,1,NA,1,NA,1,1,NA,1,1,NA,1,1,1,1,1,1,1,1,NA,1,1
"Cluster37",1,1,1,1,1,1,1,1,1,1,1,1,1,1,1,1,1,1,1,1,1,1,1,1,1,1,1,1,1,1,1,1,1,1,1,1,1,1,1,1,1,1,1,1
"Cluster279",1,1,1,NA,1,1,1,1,NA,1,1,1,1,NA,1,1,1,NA,1,1,1,1,1,1,1,NA,NA,1,1,1,1,1,NA,1,1,1,1,NA,NA,1,1,1,1,1
"Cluster247",1,NA,1,NA,NA,NA,1,NA,NA,NA,NA,1,1,1,1,NA,NA,NA,1,NA,NA,NA,NA,1,1,NA,NA,NA,NA,1,NA,NA,NA,NA,1,1,NA,NA,NA,NA,1,NA,NA,1
"Cluster331",1,1,1,NA,NA,NA,1,1,1,NA,NA,1,1,NA,1,1,NA,NA,1,1,NA,1,1,1,1,NA,NA,NA,1,1,NA,1,NA,NA,1,1,NA,NA,1,1,1,1,NA,1
"Cluster47",1,1,NA,NA,NA,NA,NA,1,NA,NA,NA,NA,NA,NA,NA,NA,NA,NA,NA,NA,NA,NA,1,NA,NA,NA,NA,NA,NA,NA,NA,NA,1,NA,NA,NA,1,NA,1,NA,NA,NA,NA,NA
"Cluster358",1,1,1,1,1,1,1,1,1,1,1,1,1,1,1,1,1,1,1,1,1,1,1,1,1,1,NA,1,1,1,NA,1,NA,1,1,1,1,1,1,1,1,1,1,1
"Cluster149",1,1,1,NA,NA,NA,NA,NA,NA,NA,NA,1,1,NA,1,NA,NA,NA,NA,NA,1,NA,NA,1,1,NA,NA,NA,NA,NA,NA,NA,NA,NA,NA,1,NA,NA,1,NA,NA,NA,1,1
"Cluster112",1,1,1,NA,1,1,1,1,1,1,1,1,1,1,1,1,1,1,1,1,1,1,1,1,1,1,1,NA,1,1,1,1,1,1,1,1,1,1,1,1,1,1,1,1
"Cluster206",1,1,1,1,1,1,1,1,1,1,1,1,1,1,1,1,1,1,1,1,1,1,1,1,1,1,1,1,1,1,1,1,1,NA,1,1,1,1,1,1,1,1,1,1
"Cluster352",1,1,1,1,1,1,1,1,1,1,1,1,1,1,1,1,1,1,1,1,1,1,1,1,1,1,1,1,1,1,1,1,1,1,1,1,1,1,1,1,1,1,1,1
"Cluster61",1,1,1,NA,NA,NA,1,NA,NA,NA,NA,1,1,1,1,NA,NA,NA,1,NA,NA,NA,NA,1,1,NA,NA,NA,NA,1,NA,NA,NA,NA,1,1,NA,NA,NA,NA,1,NA,NA,1
"Cluster254",1,1,1,1,1,1,1,1,NA,1,1,1,1,1,1,1,1,1,1,1,1,1,1,1,1,1,NA,1,1,1,1,1,1,1,1,1,1,1,1,1,1,1,1,1
"Cluster232",1,1,1,NA,NA,1,NA,NA,NA,NA,NA,NA,1,NA,1,NA,NA,NA,NA,NA,NA,NA,NA,NA,1,NA,NA,NA,NA,NA,NA,NA,NA,NA,NA,NA,NA,NA,1,NA,NA,NA,NA,NA
"Cluster57",1,1,1,NA,NA,NA,1,1,NA,1,1,1,1,1,1,1,NA,1,1,1,1,NA,1,1,1,1,NA,NA,NA,1,NA,NA,NA,1,NA,1,1,1,NA,1,1,NA,NA,1
"Cluster117",1,1,1,NA,1,NA,1,1,NA,NA,1,1,1,NA,1,1,NA,1,1,1,1,1,1,1,1,1,NA,NA,1,1,NA,1,1,1,1,1,1,1,1,1,1,NA,1,1
"Cluster123",1,NA,1,NA,NA,NA,1,NA,NA,NA,NA,1,1,NA,1,NA,NA,NA,1,NA,NA,NA,NA,1,1,NA,NA,NA,NA,1,NA,NA,NA,NA,1,1,NA,NA,1,NA,1,NA,NA,1
"Cluster280",1,1,1,1,1,1,1,1,1,1,1,1,1,1,1,1,1,1,1,1,1,1,1,1,1,1,1,1,1,1,1,1,1,1,1,1,1,1,1,1,1,1,1,1
"Cluster363",1,1,1,1,1,1,1,1,NA,1,1,1,1,1,1,1,1,1,1,1,1,1,1,1,1,1,1,1,1,1,1,1,1,1,1,1,1,1,1,1,1,1,1,1
"Cluster11",1,NA,1,NA,NA,NA,1,NA,NA,NA,1,1,1,NA,1,NA,1,NA,1,NA,NA,NA,NA,1,1,NA,NA,NA,NA,1,NA,NA,NA,NA,1,1,NA,NA,NA,NA,1,NA,NA,1
"Cluster160",1,1,1,1,1,1,1,1,1,1,1,1,1,1,1,1,1,1,1,1,1,1,1,1,1,1,1,1,1,1,1,1,1,1,1,1,1,1,1,1,1,1,1,1
"Cluster129",1,1,1,NA,NA,NA,1,NA,NA,NA,NA,1,1,NA,1,1,NA,NA,1,1,NA,NA,1,1,1,NA,1,NA,NA,NA,NA,NA,1,NA,1,1,NA,NA,NA,NA,1,NA,NA,1
"Cluster65",1,1,1,1,1,1,1,1,1,1,1,1,1,NA,1,1,1,1,1,1,1,1,1,1,1,1,NA,NA,1,1,1,1,1,1,1,1,1,1,1,1,1,1,1,1
"Cluster256",1,NA,1,NA,NA,NA,1,NA,NA,NA,NA,1,1,NA,1,NA,NA,NA,1,NA,NA,NA,NA,1,1,1,NA,NA,NA,1,NA,NA,NA,NA,1,1,NA,NA,NA,NA,1,NA,NA,1
"Cluster310",1,1,1,1,1,1,1,1,1,1,1,1,1,1,1,1,1,NA,1,NA,1,1,NA,1,1,1,NA,1,1,1,NA,NA,NA,NA,1,1,NA,1,1,1,1,1,NA,1
"Cluster273",NA,1,NA,NA,NA,NA,NA,NA,NA,NA,NA,1,NA,NA,NA,NA,NA,NA,NA,NA,NA,NA,NA,NA,NA,NA,NA,NA,NA,NA,NA,NA,NA,NA,NA,NA,NA,NA,NA,NA,NA,1,NA,NA
"Cluster110",NA,1,NA,NA,NA,1,NA,NA,NA,NA,NA,NA,NA,NA,NA,NA,NA,NA,NA,NA,NA,NA,NA,NA,NA,NA,NA,NA,NA,NA,NA,NA,NA,NA,NA,NA,NA,NA,NA,NA,NA,NA,NA,NA
"Cluster6",NA,1,NA,NA,NA,NA,NA,NA,NA,NA,NA,NA,NA,NA,NA,NA,NA,NA,NA,1,NA,NA,NA,NA,NA,NA,NA,NA,NA,NA,NA,NA,1,NA,NA,NA,NA,NA,1,NA,NA,NA,NA,NA
"Cluster293",NA,1,NA,NA,NA,NA,NA,1,NA,NA,NA,NA,NA,NA,NA,NA,NA,NA,NA,NA,NA,NA,NA,NA,NA,NA,NA,NA,NA,NA,NA,NA,NA,NA,NA,NA,NA,NA,NA,NA,NA,NA,NA,NA
"Cluster5",NA,1,NA,NA,NA,NA,NA,NA,NA,NA,NA,NA,NA,NA,NA,NA,NA,NA,NA,1,NA,NA,NA,NA,NA,NA,NA,NA,NA,NA,NA,NA,NA,NA,NA,NA,1,1,1,NA,NA,NA,NA,NA
"Cluster315",NA,1,NA,NA,NA,NA,NA,NA,NA,NA,NA,NA,NA,NA,NA,NA,NA,NA,NA,NA,NA,NA,NA,NA,NA,NA,NA,NA,NA,NA,NA,NA,NA,NA,NA,NA,NA,NA,NA,NA,NA,NA,1,NA
"Cluster243",NA,1,NA,NA,NA,NA,NA,NA,NA,NA,NA,NA,NA,NA,NA,NA,NA,NA,NA,NA,NA,NA,NA,NA,NA,NA,NA,NA,NA,NA,NA,NA,NA,NA,NA,NA,1,1,1,NA,NA,NA,NA,NA
"Cluster170",NA,1,NA,1,NA,NA,NA,NA,NA,NA,NA,NA,NA,1,NA,NA,NA,NA,NA,NA,NA,NA,NA,NA,NA,NA,NA,NA,NA,NA,NA,NA,1,NA,NA,NA,NA,1,NA,NA,NA,NA,NA,NA
"Cluster192",NA,1,NA,NA,NA,NA,NA,NA,NA,NA,NA,NA,NA,1,NA,NA,NA,NA,NA,NA,NA,NA,NA,NA,NA,NA,NA,NA,NA,NA,NA,NA,NA,NA,NA,NA,NA,1,NA,NA,NA,NA,NA,NA
"Cluster49",NA,1,NA,NA,NA,NA,NA,NA,NA,NA,NA,NA,NA,NA,NA,NA,NA,1,NA,1,NA,NA,1,NA,NA,NA,NA,NA,NA,NA,1,NA,1,1,NA,NA,1,1,1,NA,NA,NA,NA,NA
"Cluster41",NA,1,NA,NA,NA,NA,NA,NA,NA,NA,NA,NA,NA,NA,NA,NA,NA,1,NA,1,NA,NA,1,NA,NA,NA,NA,NA,NA,NA,NA,1,1,1,NA,NA,NA,1,1,NA,NA,NA,NA,NA
"Cluster159",NA,1,NA,NA,NA,NA,NA,NA,NA,NA,NA,NA,NA,NA,NA,NA,NA,NA,NA,1,NA,NA,1,NA,NA,NA,NA,NA,NA,NA,NA,NA,NA,1,NA,NA,1,1,1,NA,NA,NA,NA,NA
"Cluster238",NA,1,NA,NA,NA,NA,NA,NA,NA,NA,NA,NA,NA,NA,NA,NA,NA,NA,NA,1,NA,NA,NA,NA,NA,NA,NA,NA,NA,NA,NA,NA,NA,1,NA,NA,NA,1,NA,NA,NA,NA,NA,NA
"Cluster128",NA,1,NA,NA,NA,NA,NA,NA,NA,NA,NA,NA,NA,NA,NA,NA,NA,NA,NA,NA,1,1,NA,NA,NA,NA,NA,NA,1,NA,NA,1,NA,NA,NA,NA,NA,NA,NA,NA,NA,NA,1,NA
"Cluster168",NA,1,NA,NA,NA,NA,NA,NA,NA,NA,NA,NA,NA,NA,NA,NA,NA,NA,NA,1,NA,NA,NA,NA,NA,NA,NA,NA,NA,NA,NA,NA,NA,NA,NA,NA,NA,NA,NA,1,NA,1,NA,NA
"Cluster114",NA,1,NA,NA,NA,NA,NA,NA,NA,NA,NA,NA,NA,NA,NA,NA,NA,NA,NA,1,1,NA,NA,NA,NA,NA,NA,NA,NA,NA,NA,NA,NA,NA,NA,NA,NA,1,NA,1,NA,NA,NA,NA
"Cluster1",NA,1,NA,NA,NA,NA,NA,NA,NA,NA,NA,NA,NA,NA,NA,NA,NA,NA,NA,1,NA,NA,NA,NA,NA,1,NA,NA,NA,NA,NA,NA,NA,NA,NA,NA,NA,NA,NA,NA,NA,NA,NA,NA
"Cluster2",NA,1,NA,1,1,1,NA,1,1,1,1,NA,NA,1,NA,1,1,1,NA,1,1,1,NA,NA,NA,NA,NA,1,1,NA,1,1,NA,1,NA,NA,1,1,NA,1,NA,NA,1,NA
"Cluster223",NA,1,NA,1,NA,NA,NA,1,NA,1,NA,NA,NA,NA,NA,NA,NA,NA,NA,NA,NA,NA,NA,NA,NA,NA,NA,NA,1,NA,NA,NA,NA,NA,NA,NA,NA,NA,NA,NA,NA,NA,1,NA
"Cluster298",NA,1,NA,NA,NA,NA,NA,1,NA,NA,NA,NA,NA,NA,NA,1,NA,NA,NA,NA,NA,NA,NA,NA,NA,NA,NA,NA,NA,NA,NA,1,NA,NA,NA,NA,NA,NA,NA,NA,NA,NA,NA,NA
"Cluster121",NA,1,NA,NA,1,NA,NA,NA,NA,NA,NA,NA,NA,NA,NA,NA,NA,1,NA,NA,NA,NA,NA,NA,NA,NA,NA,NA,NA,NA,NA,NA,NA,NA,NA,NA,NA,NA,1,NA,NA,1,NA,NA
"Cluster259",NA,1,NA,NA,NA,1,1,1,NA,1,1,1,NA,NA,1,1,NA,1,1,1,1,1,1,1,NA,NA,NA,NA,NA,1,1,1,1,1,1,1,1,1,1,1,1,1,1,1
"Cluster319",NA,1,NA,NA,NA,NA,NA,1,NA,NA,1,1,NA,NA,NA,NA,NA,NA,NA,1,1,NA,NA,1,NA,NA,NA,NA,NA,1,NA,1,NA,NA,NA,NA,NA,1,1,1,1,1,NA,1
"Cluster335",NA,1,NA,NA,NA,NA,NA,NA,NA,NA,NA,NA,NA,NA,NA,NA,NA,NA,NA,1,1,NA,NA,NA,NA,NA,NA,NA,NA,NA,NA,NA,NA,NA,NA,NA,NA,NA,NA,1,NA,NA,NA,NA
"Cluster275",NA,1,NA,1,NA,1,1,NA,NA,NA,NA,1,NA,NA,1,NA,NA,NA,NA,NA,NA,NA,NA,1,NA,NA,NA,NA,1,1,NA,1,NA,NA,NA,1,NA,NA,1,NA,NA,1,NA,1
"Cluster297",NA,1,NA,1,1,1,NA,1,1,1,1,NA,NA,1,NA,1,1,1,NA,1,1,1,1,NA,NA,1,1,1,1,NA,NA,1,1,1,NA,1,NA,1,1,1,1,1,1,1
"Cluster271",NA,1,NA,NA,NA,NA,NA,1,NA,NA,1,NA,NA,NA,1,NA,NA,NA,1,NA,NA,NA,NA,NA,NA,NA,NA,NA,NA,NA,NA,NA,NA,NA,NA,NA,NA,NA,NA,NA,NA,1,NA,NA
"Cluster252",NA,1,NA,1,NA,NA,NA,NA,NA,NA,1,NA,NA,1,NA,1,1,1,NA,NA,1,1,1,NA,NA,NA,1,1,1,NA,1,NA,1,NA,NA,NA,NA,NA,NA,NA,NA,1,1,NA
"Cluster35",NA,1,NA,1,1,NA,NA,1,NA,1,NA,NA,NA,NA,NA,NA,1,1,NA,NA,NA,1,NA,NA,NA,NA,NA,NA,1,NA,1,1,1,1,NA,NA,1,1,NA,1,NA,1,NA,NA
"Cluster89",NA,1,NA,NA,NA,NA,NA,NA,NA,NA,NA,NA,NA,NA,NA,NA,NA,NA,NA,1,1,NA,NA,NA,NA,NA,NA,NA,NA,NA,NA,NA,1,1,NA,NA,1,NA,1,1,NA,NA,NA,NA
"Cluster63",NA,1,1,NA,NA,1,1,1,NA,NA,NA,1,1,NA,1,NA,NA,1,1,1,1,NA,NA,1,NA,NA,NA,NA,1,1,NA,1,1,1,1,NA,1,1,1,NA,NA,NA,NA,1
"Cluster141",NA,1,NA,1,1,1,NA,1,1,1,1,NA,NA,NA,NA,1,1,1,NA,1,1,1,NA,NA,NA,1,NA,NA,1,NA,1,1,NA,1,NA,NA,1,1,NA,NA,NA,NA,1,NA
"Cluster268",NA,1,NA,1,1,1,1,1,1,1,1,1,1,1,1,1,1,1,1,1,1,1,1,1,1,1,1,1,1,1,1,1,1,1,1,1,1,1,1,1,1,1,1,1
"Cluster218",NA,1,NA,1,1,1,NA,NA,1,1,NA,NA,NA,1,NA,1,NA,1,NA,NA,NA,1,1,NA,NA,NA,1,1,1,NA,1,1,1,NA,NA,1,NA,1,NA,1,1,1,NA,NA
"Cluster190",NA,1,1,1,NA,NA,1,1,1,NA,1,1,1,NA,1,NA,NA,NA,1,1,1,NA,1,1,1,1,1,NA,NA,NA,1,1,1,NA,NA,1,1,1,1,1,1,1,NA,1
"Cluster60",NA,1,NA,NA,NA,NA,NA,NA,1,1,1,NA,NA,1,NA,1,NA,1,NA,NA,1,NA,NA,NA,NA,NA,NA,NA,1,NA,NA,NA,NA,1,NA,NA,1,NA,1,NA,NA,NA,NA,NA
"Cluster124",NA,1,NA,NA,NA,NA,NA,1,NA,1,NA,NA,NA,NA,NA,1,NA,1,NA,1,1,NA,NA,NA,NA,NA,1,1,NA,1,1,NA,1,1,1,NA,1,1,1,1,NA,NA,1,1
"Cluster122",NA,1,NA,NA,NA,NA,1,1,NA,NA,NA,1,1,NA,1,NA,NA,NA,1,1,1,NA,NA,1,1,NA,NA,NA,NA,NA,NA,NA,NA,NA,NA,NA,NA,NA,NA,NA,1,1,NA,1
"Cluster324",NA,1,NA,NA,NA,NA,NA,NA,NA,NA,NA,NA,NA,NA,NA,NA,NA,NA,NA,1,NA,NA,NA,NA,NA,NA,NA,NA,NA,NA,NA,NA,NA,NA,NA,NA,NA,NA,1,NA,NA,NA,NA,NA
"Cluster156",NA,1,NA,1,NA,NA,NA,NA,NA,1,NA,NA,NA,1,NA,NA,NA,NA,NA,NA,NA,NA,1,NA,NA,NA,1,NA,NA,NA,1,NA,NA,NA,NA,NA,NA,1,1,1,NA,NA,NA,NA
"Cluster29",NA,1,NA,1,1,1,NA,1,1,1,NA,NA,NA,1,NA,1,1,1,NA,1,1,1,NA,NA,NA,NA,1,1,1,NA,1,1,1,1,NA,NA,1,1,1,1,NA,1,1,NA
"Cluster303",NA,1,NA,NA,NA,NA,1,1,NA,NA,1,1,1,NA,1,1,NA,NA,1,1,1,NA,NA,1,1,1,NA,NA,1,NA,NA,1,NA,1,NA,1,NA,1,NA,1,1,NA,NA,1
"Cluster334",NA,1,NA,NA,1,NA,1,NA,NA,NA,NA,1,1,NA,1,NA,NA,NA,1,1,1,NA,NA,1,1,NA,NA,NA,NA,1,NA,NA,NA,NA,1,1,NA,NA,1,1,1,1,NA,1
"Cluster176",NA,1,NA,NA,NA,NA,1,1,NA,NA,NA,1,1,NA,1,NA,NA,NA,1,1,1,NA,NA,1,NA,NA,NA,NA,NA,NA,NA,NA,NA,NA,NA,NA,NA,NA,NA,1,1,1,NA,1
"Cluster81",NA,1,NA,1,NA,1,NA,1,1,NA,NA,NA,NA,1,NA,1,1,NA,NA,1,1,1,1,NA,NA,NA,NA,1,NA,NA,NA,1,NA,1,NA,NA,1,1,NA,NA,NA,1,1,NA
"Cluster208",NA,1,NA,1,1,1,NA,1,1,1,1,NA,NA,1,NA,1,1,1,NA,1,1,1,1,NA,NA,1,1,1,1,NA,1,1,1,1,NA,NA,1,1,NA,1,NA,1,1,NA
"Cluster109",NA,1,NA,NA,NA,NA,NA,NA,NA,NA,NA,NA,NA,NA,NA,NA,NA,NA,NA,NA,NA,NA,NA,NA,NA,NA,NA,NA,NA,NA,NA,NA,NA,NA,NA,NA,1,NA,NA,NA,NA,NA,NA,NA
"Cluster264",NA,1,NA,NA,NA,NA,1,NA,NA,NA,1,NA,NA,NA,NA,NA,NA,NA,1,NA,NA,NA,NA,1,NA,NA,NA,NA,NA,NA,NA,NA,NA,NA,NA,NA,NA,NA,NA,NA,NA,NA,NA,1
"Cluster309",NA,1,NA,NA,NA,NA,NA,NA,NA,NA,NA,NA,NA,NA,NA,NA,NA,NA,NA,1,NA,NA,NA,NA,NA,NA,NA,NA,NA,NA,NA,NA,NA,NA,NA,NA,NA,NA,NA,NA,NA,NA,NA,NA
"Cluster204",NA,1,NA,NA,NA,NA,NA,NA,NA,NA,NA,NA,NA,1,NA,NA,NA,NA,NA,NA,NA,NA,NA,NA,NA,NA,NA,NA,NA,NA,NA,NA,NA,NA,NA,NA,NA,NA,NA,NA,NA,NA,NA,NA
"Cluster220",NA,1,NA,NA,NA,NA,NA,NA,NA,NA,NA,NA,NA,NA,NA,NA,NA,NA,NA,1,NA,NA,NA,NA,NA,NA,NA,NA,NA,NA,NA,NA,NA,NA,NA,NA,NA,NA,NA,NA,NA,1,NA,NA
"Cluster314",NA,1,NA,NA,NA,NA,NA,NA,NA,NA,NA,1,1,NA,1,NA,NA,NA,1,1,1,NA,NA,1,1,NA,NA,NA,NA,1,NA,NA,NA,NA,NA,NA,1,NA,NA,1,1,NA,NA,1
"Cluster364",NA,1,NA,NA,NA,NA,NA,1,NA,NA,NA,NA,NA,NA,NA,NA,NA,NA,NA,1,NA,NA,NA,NA,NA,NA,NA,NA,1,NA,NA,NA,NA,NA,NA,NA,1,NA,NA,NA,NA,NA,NA,NA
"Cluster269",NA,1,NA,NA,NA,NA,NA,NA,NA,NA,NA,NA,NA,NA,NA,NA,NA,NA,NA,1,NA,NA,NA,1,NA,1,NA,NA,NA,NA,NA,NA,NA,NA,NA,NA,NA,NA,NA,NA,1,NA,NA,1
"Cluster233",NA,1,NA,1,NA,1,NA,NA,1,1,1,1,NA,NA,NA,NA,NA,1,NA,1,NA,NA,1,NA,NA,1,1,1,1,NA,1,1,1,1,NA,NA,NA,NA,NA,1,NA,1,NA,NA
"Cluster299",NA,1,NA,NA,NA,NA,NA,NA,NA,NA,NA,NA,NA,NA,NA,NA,NA,NA,NA,NA,NA,NA,NA,NA,NA,1,1,NA,NA,NA,NA,NA,NA,NA,NA,NA,NA,NA,NA,NA,NA,NA,NA,NA
"Cluster101",NA,1,NA,NA,NA,NA,NA,NA,NA,NA,NA,NA,NA,1,NA,NA,NA,NA,NA,NA,NA,NA,NA,NA,NA,NA,1,NA,NA,NA,NA,NA,NA,1,NA,1,1,NA,NA,NA,NA,NA,NA,NA
"Cluster245",NA,1,NA,1,NA,NA,NA,NA,NA,NA,NA,NA,NA,1,NA,NA,NA,NA,NA,NA,NA,NA,NA,NA,NA,NA,NA,NA,NA,NA,NA,NA,NA,NA,NA,NA,NA,1,NA,NA,NA,NA,1,NA
"Cluster194",NA,1,1,1,NA,NA,NA,1,1,1,1,NA,NA,1,NA,1,NA,1,NA,NA,NA,1,NA,NA,NA,1,NA,1,NA,NA,NA,1,NA,1,NA,NA,1,1,1,1,NA,1,1,NA
"Cluster267",NA,1,1,NA,NA,1,1,1,NA,NA,1,1,NA,NA,NA,NA,NA,NA,1,1,1,NA,NA,1,NA,NA,NA,NA,NA,1,NA,1,NA,1,1,1,1,NA,1,1,1,1,NA,1
"Cluster76",NA,1,NA,1,1,1,NA,1,1,1,1,NA,NA,1,NA,1,1,1,NA,1,1,1,1,NA,NA,1,1,1,1,NA,1,1,1,1,NA,NA,1,1,1,1,NA,1,1,NA
"Cluster22",NA,1,NA,1,NA,NA,NA,NA,NA,NA,NA,1,NA,1,NA,NA,NA,NA,NA,1,NA,NA,NA,1,NA,NA,1,NA,NA,NA,1,NA,1,NA,NA,NA,NA,NA,NA,NA,NA,1,NA,NA
"Cluster42",NA,1,NA,1,NA,NA,NA,1,1,1,1,NA,NA,1,NA,1,NA,NA,NA,1,NA,1,1,NA,NA,1,1,1,1,NA,1,1,1,NA,NA,NA,NA,1,1,NA,NA,1,1,NA
"Cluster73",NA,1,NA,NA,NA,NA,NA,NA,NA,NA,NA,NA,NA,NA,NA,NA,NA,NA,NA,NA,NA,NA,NA,NA,NA,NA,NA,NA,NA,NA,1,NA,NA,NA,NA,NA,NA,NA,NA,NA,NA,NA,NA,NA
"Cluster118",NA,1,1,NA,NA,NA,NA,1,NA,NA,NA,1,1,NA,1,NA,NA,NA,NA,1,1,NA,NA,NA,NA,1,NA,NA,NA,NA,NA,NA,NA,NA,NA,NA,NA,1,NA,NA,NA,NA,1,NA
"Cluster120",NA,1,NA,NA,NA,NA,NA,1,NA,NA,NA,NA,NA,NA,NA,1,NA,NA,1,1,1,NA,NA,NA,NA,1,NA,NA,NA,NA,NA,NA,NA,NA,NA,NA,1,1,NA,1,NA,NA,NA,NA
"Cluster165",NA,1,NA,1,1,1,NA,1,1,1,1,NA,1,1,NA,1,1,1,NA,1,1,1,1,NA,NA,1,1,1,1,NA,1,1,1,1,NA,NA,1,1,1,1,NA,1,1,NA
"Cluster104",NA,1,NA,NA,NA,NA,NA,NA,NA,NA,NA,NA,NA,NA,NA,NA,NA,NA,NA,NA,NA,NA,NA,NA,NA,NA,NA,NA,NA,NA,NA,1,NA,NA,NA,NA,NA,1,NA,1,NA,NA,NA,NA
"Cluster13",NA,NA,1,NA,NA,NA,NA,NA,NA,NA,NA,NA,NA,NA,1,NA,NA,NA,NA,NA,NA,NA,NA,NA,NA,NA,NA,NA,NA,NA,NA,NA,NA,NA,NA,NA,NA,NA,NA,NA,NA,NA,NA,NA
"Cluster103",NA,NA,1,NA,NA,NA,1,NA,NA,NA,NA,NA,NA,NA,NA,NA,NA,NA,NA,NA,NA,NA,NA,NA,NA,NA,NA,NA,NA,NA,NA,NA,NA,NA,NA,NA,NA,NA,NA,NA,NA,NA,NA,NA
"Cluster14",NA,NA,1,NA,NA,NA,1,NA,NA,NA,NA,1,1,NA,1,NA,NA,NA,NA,NA,NA,NA,NA,NA,1,NA,NA,NA,NA,NA,NA,NA,NA,NA,NA,1,NA,NA,NA,NA,NA,NA,NA,NA
"Cluster20",NA,NA,1,NA,NA,NA,1,NA,NA,NA,NA,1,NA,NA,NA,NA,NA,NA,1,NA,NA,NA,NA,1,NA,NA,NA,NA,NA,1,NA,NA,NA,NA,1,1,NA,NA,NA,NA,1,NA,NA,1
"Cluster207",NA,NA,1,NA,NA,NA,1,NA,NA,NA,NA,1,NA,NA,NA,NA,NA,NA,NA,NA,NA,NA,NA,1,NA,1,NA,NA,NA,1,NA,NA,NA,NA,NA,NA,NA,NA,1,NA,NA,NA,NA,1
"Cluster167",NA,NA,1,NA,NA,NA,NA,NA,NA,NA,NA,NA,NA,NA,NA,NA,NA,NA,NA,NA,NA,NA,NA,NA,1,NA,NA,NA,NA,NA,NA,NA,NA,NA,NA,NA,NA,NA,NA,NA,1,NA,NA,1
"Cluster330",NA,NA,1,NA,NA,1,1,NA,NA,NA,1,NA,1,NA,1,NA,1,1,1,NA,1,NA,NA,1,1,1,NA,NA,1,1,NA,1,NA,NA,1,1,1,NA,1,1,1,NA,1,1
"Cluster19",NA,NA,1,NA,NA,NA,1,NA,NA,NA,NA,1,NA,NA,1,NA,NA,NA,1,NA,NA,NA,NA,1,NA,NA,NA,NA,NA,1,NA,NA,NA,NA,1,1,NA,NA,NA,NA,1,NA,NA,1
"Cluster225",NA,NA,1,NA,NA,NA,NA,NA,NA,NA,NA,NA,NA,NA,1,NA,NA,NA,NA,NA,NA,NA,NA,NA,NA,NA,NA,NA,NA,NA,NA,NA,NA,NA,NA,NA,NA,NA,NA,NA,NA,NA,NA,NA
"Cluster24",NA,NA,1,NA,1,NA,1,1,NA,NA,1,1,NA,1,1,NA,NA,NA,1,NA,NA,NA,NA,1,NA,NA,NA,NA,1,NA,1,NA,NA,NA,1,1,NA,NA,NA,1,1,NA,NA,NA
"Cluster295",NA,NA,1,NA,1,1,1,NA,1,NA,NA,NA,NA,1,NA,NA,NA,NA,1,NA,NA,1,1,NA,NA,1,NA,NA,NA,NA,NA,1,NA,NA,NA,1,NA,1,NA,1,1,1,NA,NA
"Cluster249",NA,NA,1,NA,NA,NA,NA,NA,NA,NA,NA,NA,NA,NA,1,NA,NA,NA,1,NA,NA,NA,NA,NA,1,NA,NA,NA,NA,1,NA,NA,NA,NA,1,NA,NA,NA,NA,NA,1,NA,NA,1
"Cluster360",NA,NA,NA,1,NA,NA,NA,NA,NA,NA,NA,NA,NA,NA,NA,NA,NA,NA,NA,NA,1,NA,NA,NA,NA,NA,NA,NA,NA,NA,NA,NA,NA,NA,NA,NA,NA,NA,NA,NA,NA,NA,NA,NA
"Cluster80",NA,NA,NA,1,1,1,NA,NA,NA,NA,NA,NA,NA,NA,NA,NA,1,1,NA,1,NA,1,NA,NA,NA,NA,NA,NA,NA,NA,NA,NA,NA,NA,NA,NA,NA,1,NA,NA,NA,1,1,NA
"Cluster304",NA,NA,NA,1,1,1,NA,1,1,NA,1,NA,NA,1,NA,1,1,1,NA,1,1,1,1,NA,NA,NA,NA,1,1,NA,1,NA,NA,1,NA,NA,1,1,1,1,NA,1,1,NA
"Cluster59",NA,NA,NA,1,1,NA,NA,NA,NA,NA,NA,NA,NA,NA,NA,NA,1,NA,NA,NA,NA,1,NA,NA,NA,NA,1,NA,1,NA,NA,1,NA,1,NA,NA,NA,NA,NA,NA,NA,NA,1,NA
"Cluster84",NA,NA,NA,1,NA,NA,NA,NA,NA,1,1,NA,NA,NA,NA,NA,NA,NA,NA,1,NA,1,1,NA,NA,NA,1,1,1,NA,1,NA,1,NA,NA,NA,NA,NA,NA,NA,NA,NA,NA,NA
"Cluster250",NA,NA,NA,1,NA,NA,NA,NA,NA,NA,NA,NA,NA,NA,NA,NA,NA,NA,NA,NA,NA,NA,NA,NA,NA,1,NA,NA,NA,NA,NA,NA,NA,NA,NA,NA,NA,NA,NA,NA,NA,NA,1,NA
"Cluster102",NA,NA,NA,1,NA,NA,NA,NA,NA,NA,NA,NA,NA,NA,NA,NA,NA,NA,NA,NA,NA,NA,NA,NA,NA,NA,NA,1,NA,NA,NA,NA,NA,NA,NA,NA,NA,NA,NA,NA,NA,NA,NA,NA
"Cluster340",NA,NA,NA,1,NA,NA,NA,1,NA,NA,NA,NA,NA,NA,NA,NA,NA,NA,NA,1,NA,NA,NA,NA,NA,NA,NA,NA,NA,NA,NA,1,NA,NA,NA,NA,NA,NA,1,NA,NA,NA,NA,NA
"Cluster142",NA,NA,NA,1,NA,NA,NA,NA,NA,NA,NA,NA,NA,1,NA,NA,NA,NA,NA,NA,NA,NA,NA,NA,NA,NA,NA,NA,NA,NA,NA,NA,NA,NA,NA,NA,NA,1,1,1,NA,NA,NA,NA
"Cluster136",NA,NA,NA,1,NA,NA,NA,NA,NA,NA,NA,1,NA,NA,NA,NA,NA,NA,NA,NA,NA,NA,NA,NA,NA,NA,NA,NA,1,NA,NA,NA,NA,NA,1,NA,NA,NA,NA,NA,NA,1,NA,NA
"Cluster356",NA,NA,NA,1,NA,1,NA,NA,1,1,1,1,1,1,1,1,NA,NA,1,1,1,NA,NA,1,1,1,NA,NA,NA,NA,NA,NA,1,1,NA,1,1,1,1,1,NA,1,1,NA
"Cluster135",NA,NA,NA,1,1,1,NA,1,1,1,1,NA,NA,1,NA,NA,NA,1,NA,1,1,1,NA,NA,NA,NA,NA,NA,1,NA,1,1,1,1,NA,NA,1,1,1,1,NA,NA,1,NA
"Cluster91",NA,NA,NA,1,1,NA,NA,NA,1,1,1,NA,NA,1,NA,1,1,1,NA,1,NA,1,NA,NA,NA,NA,NA,1,NA,1,NA,1,NA,NA,NA,1,NA,NA,NA,1,1,NA,1,1
"Cluster88",NA,NA,NA,1,1,1,NA,NA,1,1,1,NA,NA,NA,NA,NA,1,NA,NA,1,1,1,1,1,1,NA,NA,NA,1,NA,1,NA,1,1,NA,1,1,1,1,1,1,1,NA,1
"Cluster359",NA,NA,NA,1,NA,NA,NA,1,NA,1,1,NA,NA,NA,NA,1,NA,NA,NA,1,1,NA,NA,NA,NA,1,NA,NA,NA,NA,NA,1,NA,NA,NA,NA,NA,NA,1,NA,NA,NA,NA,NA
"Cluster202",NA,NA,NA,1,NA,NA,NA,NA,NA,NA,NA,NA,NA,NA,NA,NA,NA,NA,1,NA,NA,NA,NA,NA,NA,NA,NA,NA,NA,NA,NA,NA,NA,NA,NA,NA,NA,1,NA,NA,NA,NA,NA,NA
"Cluster193",NA,NA,NA,1,NA,1,NA,NA,NA,NA,NA,NA,NA,NA,NA,NA,NA,NA,NA,NA,NA,NA,NA,NA,NA,1,NA,NA,NA,NA,NA,NA,NA,NA,NA,NA,NA,NA,NA,NA,NA,NA,NA,NA
"Cluster55",NA,NA,NA,NA,1,NA,NA,NA,NA,NA,1,NA,NA,NA,NA,NA,NA,NA,NA,1,1,NA,1,NA,NA,NA,NA,NA,NA,NA,NA,NA,NA,NA,NA,NA,NA,1,NA,NA,NA,NA,NA,NA
"Cluster284",NA,NA,NA,NA,1,NA,NA,NA,NA,NA,1,NA,NA,1,NA,1,1,NA,NA,1,NA,NA,NA,NA,NA,1,1,1,NA,NA,NA,NA,NA,NA,NA,NA,NA,NA,NA,NA,NA,1,NA,NA
"Cluster219",NA,NA,NA,NA,1,NA,NA,NA,NA,NA,NA,NA,NA,NA,NA,NA,NA,NA,1,1,NA,NA,1,1,NA,NA,NA,NA,1,1,1,NA,1,1,1,NA,NA,1,1,1,1,NA,NA,1
"Cluster48",NA,NA,NA,NA,1,NA,NA,NA,1,NA,NA,NA,NA,NA,NA,NA,NA,1,NA,NA,NA,NA,NA,NA,NA,1,NA,NA,NA,NA,NA,1,NA,NA,NA,NA,1,NA,NA,NA,NA,NA,NA,NA
"Cluster93",NA,NA,NA,NA,1,NA,NA,NA,NA,1,1,NA,NA,NA,NA,NA,NA,1,NA,NA,NA,NA,NA,NA,NA,NA,NA,NA,NA,NA,NA,NA,1,NA,NA,NA,NA,NA,1,NA,NA,NA,NA,NA
"Cluster74",NA,NA,NA,NA,1,NA,NA,1,NA,NA,1,1,1,NA,NA,1,NA,NA,1,NA,NA,NA,NA,NA,NA,NA,NA,NA,1,NA,1,NA,1,1,NA,NA,1,NA,1,1,NA,NA,NA,NA
"Cluster178",NA,NA,NA,NA,1,NA,NA,NA,NA,NA,NA,NA,NA,NA,NA,1,1,NA,NA,1,1,1,NA,NA,NA,NA,NA,NA,NA,NA,NA,NA,NA,NA,NA,NA,1,1,1,NA,NA,NA,NA,NA
"Cluster162",NA,NA,NA,NA,1,1,NA,NA,NA,NA,NA,NA,1,NA,NA,NA,NA,1,NA,NA,NA,NA,NA,NA,1,NA,NA,NA,NA,NA,NA,NA,NA,NA,NA,NA,NA,NA,NA,NA,NA,NA,NA,NA
"Cluster262",NA,NA,NA,NA,1,1,1,NA,NA,NA,1,1,1,NA,1,NA,1,NA,1,NA,NA,NA,NA,NA,NA,NA,NA,NA,NA,NA,NA,NA,NA,NA,1,1,NA,NA,NA,NA,NA,NA,NA,NA
"Cluster161",NA,NA,NA,NA,NA,1,NA,1,NA,NA,NA,NA,NA,NA,NA,NA,NA,NA,NA,NA,NA,NA,NA,NA,NA,NA,NA,NA,NA,NA,NA,1,NA,NA,NA,NA,NA,NA,NA,NA,NA,NA,NA,NA
"Cluster322",NA,NA,NA,NA,NA,1,NA,NA,NA,NA,NA,NA,NA,1,NA,NA,NA,NA,NA,NA,NA,NA,NA,NA,NA,1,NA,NA,NA,NA,NA,NA,NA,NA,NA,NA,NA,NA,NA,NA,NA,NA,NA,NA
"Cluster68",NA,NA,NA,NA,NA,1,NA,1,NA,NA,NA,NA,NA,NA,NA,1,1,NA,NA,NA,1,1,NA,NA,NA,NA,NA,NA,NA,NA,1,NA,NA,NA,NA,NA,NA,NA,NA,NA,NA,NA,1,NA
"Cluster32",NA,NA,NA,NA,NA,1,NA,NA,NA,NA,NA,NA,NA,1,NA,NA,NA,NA,NA,1,1,NA,NA,NA,NA,NA,NA,NA,NA,NA,NA,NA,NA,1,NA,NA,NA,NA,1,1,NA,1,NA,NA
"Cluster182",NA,NA,NA,NA,NA,1,NA,1,1,NA,NA,NA,NA,NA,NA,NA,1,1,NA,NA,NA,1,NA,NA,NA,1,NA,NA,NA,NA,NA,NA,NA,1,NA,NA,NA,NA,NA,NA,NA,NA,1,NA
"Cluster51",NA,NA,NA,NA,NA,1,NA,1,NA,NA,1,NA,NA,NA,NA,NA,NA,NA,NA,1,1,NA,NA,NA,NA,NA,NA,NA,1,1,NA,1,NA,1,1,NA,NA,1,1,NA,NA,NA,1,NA
"Cluster189",NA,NA,NA,NA,NA,1,NA,1,NA,NA,1,NA,NA,NA,NA,1,NA,1,NA,1,1,NA,NA,NA,NA,NA,NA,NA,1,NA,NA,1,NA,1,NA,NA,1,NA,NA,NA,NA,NA,NA,NA
"Cluster221",NA,NA,NA,NA,NA,1,NA,NA,NA,NA,NA,NA,NA,NA,NA,NA,NA,NA,NA,NA,NA,NA,1,NA,NA,NA,NA,NA,NA,NA,NA,NA,NA,NA,NA,NA,NA,NA,NA,NA,NA,NA,NA,NA
"Cluster46",NA,NA,NA,NA,NA,1,NA,1,NA,1,1,NA,NA,1,NA,1,NA,1,NA,NA,1,NA,1,NA,1,1,NA,1,1,NA,1,1,1,1,NA,NA,1,1,NA,NA,NA,NA,1,NA
"Cluster229",NA,NA,NA,NA,NA,1,NA,NA,1,NA,NA,NA,NA,1,NA,NA,NA,NA,NA,NA,NA,NA,NA,NA,NA,NA,NA,NA,NA,NA,NA,NA,NA,NA,NA,NA,NA,NA,1,NA,NA,1,1,NA
"Cluster337",NA,NA,NA,NA,NA,1,1,NA,1,NA,NA,NA,1,NA,1,NA,NA,NA,1,1,NA,NA,NA,NA,1,NA,NA,NA,NA,1,NA,NA,NA,NA,NA,NA,NA,NA,NA,NA,NA,NA,NA,1
"Cluster97",NA,NA,NA,NA,NA,1,NA,NA,NA,NA,NA,NA,NA,NA,NA,NA,NA,1,NA,1,NA,1,1,NA,NA,NA,NA,NA,1,NA,1,NA,1,1,NA,NA,1,1,1,NA,NA,NA,NA,NA
"Cluster329",NA,NA,NA,NA,NA,1,NA,NA,NA,NA,NA,NA,NA,NA,NA,1,NA,NA,NA,NA,NA,NA,NA,NA,NA,NA,NA,NA,NA,NA,NA,NA,NA,1,NA,NA,NA,NA,NA,NA,NA,NA,NA,NA
"Cluster240",NA,NA,NA,NA,NA,NA,1,NA,NA,NA,NA,1,NA,NA,1,NA,NA,NA,1,NA,NA,NA,NA,1,1,NA,NA,NA,NA,1,NA,NA,NA,NA,1,1,NA,NA,NA,NA,1,NA,NA,1
"Cluster354",NA,NA,NA,NA,NA,NA,1,NA,NA,NA,NA,NA,NA,NA,NA,NA,1,1,NA,NA,NA,1,NA,NA,NA,NA,NA,NA,NA,NA,1,NA,NA,NA,1,1,NA,NA,NA,1,NA,1,NA,NA
"Cluster272",NA,NA,NA,NA,NA,NA,1,NA,NA,1,NA,1,NA,NA,1,NA,NA,NA,NA,1,1,NA,NA,1,NA,NA,NA,NA,NA,NA,NA,NA,NA,NA,NA,NA,1,NA,NA,NA,NA,NA,NA,NA
"Cluster197",NA,NA,NA,NA,NA,NA,1,NA,NA,NA,NA,1,NA,NA,1,NA,NA,NA,1,1,1,1,NA,1,NA,NA,NA,NA,NA,NA,NA,NA,NA,NA,NA,1,NA,NA,NA,NA,1,NA,NA,1
"Cluster253",NA,NA,NA,NA,NA,NA,1,NA,NA,NA,NA,1,NA,NA,NA,NA,NA,NA,1,NA,NA,NA,NA,NA,NA,1,NA,NA,NA,NA,NA,NA,NA,NA,NA,NA,NA,NA,NA,NA,1,NA,NA,NA
"Cluster244",NA,NA,NA,NA,NA,NA,1,NA,NA,NA,NA,1,NA,NA,1,NA,NA,NA,1,NA,NA,NA,NA,1,NA,NA,NA,NA,NA,NA,NA,NA,NA,NA,NA,NA,NA,NA,1,NA,NA,NA,NA,1
"Cluster183",NA,NA,NA,NA,NA,NA,NA,1,NA,NA,NA,NA,NA,NA,NA,NA,NA,NA,NA,NA,NA,NA,NA,NA,NA,NA,NA,NA,NA,NA,NA,NA,NA,1,NA,NA,1,NA,NA,NA,NA,NA,NA,NA
"Cluster328",NA,NA,NA,NA,NA,NA,NA,1,NA,NA,NA,1,NA,NA,NA,NA,NA,NA,NA,NA,NA,NA,NA,NA,NA,NA,NA,NA,NA,NA,NA,NA,NA,NA,NA,NA,1,NA,NA,NA,NA,NA,NA,NA
"Cluster313",NA,NA,NA,NA,NA,NA,NA,1,NA,NA,NA,NA,NA,NA,NA,NA,NA,NA,NA,NA,NA,NA,NA,NA,NA,1,NA,NA,NA,NA,NA,1,NA,NA,NA,NA,NA,NA,NA,NA,NA,NA,NA,NA
"Cluster79",NA,NA,NA,NA,NA,NA,NA,1,NA,NA,NA,NA,NA,NA,NA,NA,NA,NA,NA,1,NA,NA,NA,NA,NA,NA,NA,NA,1,NA,NA,NA,NA,NA,NA,NA,NA,NA,NA,1,NA,NA,NA,NA
"Cluster171",NA,NA,NA,NA,NA,NA,NA,1,NA,NA,NA,NA,NA,NA,NA,1,NA,NA,NA,NA,NA,NA,NA,NA,NA,1,NA,NA,NA,NA,NA,1,NA,NA,NA,NA,NA,NA,1,NA,NA,NA,NA,NA
"Cluster287",NA,NA,NA,NA,NA,NA,NA,1,NA,NA,NA,NA,NA,NA,NA,NA,NA,NA,NA,1,NA,NA,NA,NA,NA,NA,NA,NA,NA,NA,NA,NA,NA,NA,NA,NA,1,NA,NA,1,NA,NA,NA,NA
"Cluster300",NA,NA,NA,NA,NA,NA,NA,1,NA,NA,NA,NA,NA,NA,NA,NA,NA,NA,NA,NA,NA,NA,NA,NA,NA,NA,NA,NA,1,NA,NA,NA,NA,NA,NA,NA,NA,NA,NA,NA,NA,NA,NA,NA
"Cluster305",NA,NA,NA,NA,NA,NA,NA,NA,1,1,NA,NA,NA,NA,NA,NA,NA,NA,NA,NA,NA,NA,NA,NA,NA,NA,NA,NA,NA,NA,NA,NA,NA,NA,NA,NA,NA,NA,NA,NA,NA,NA,NA,NA
"Cluster95",NA,NA,NA,NA,NA,NA,NA,NA,1,NA,NA,NA,NA,NA,NA,NA,NA,NA,NA,NA,NA,NA,NA,NA,NA,NA,NA,NA,NA,NA,NA,NA,NA,NA,NA,NA,NA,NA,1,NA,NA,NA,NA,NA
"Cluster179",NA,NA,NA,NA,NA,NA,NA,NA,1,NA,NA,NA,NA,1,NA,NA,NA,NA,NA,1,NA,NA,NA,NA,NA,NA,NA,NA,NA,NA,NA,NA,NA,NA,NA,NA,NA,1,1,NA,NA,1,NA,NA
"Cluster345",NA,NA,NA,NA,NA,NA,NA,NA,1,NA,1,NA,NA,1,NA,NA,1,1,NA,1,NA,NA,NA,NA,NA,NA,NA,NA,NA,NA,NA,NA,NA,NA,NA,NA,NA,NA,NA,NA,NA,NA,NA,NA
"Cluster140",NA,NA,NA,NA,NA,NA,NA,NA,1,NA,NA,NA,NA,NA,NA,NA,NA,NA,NA,1,NA,NA,NA,NA,NA,NA,NA,NA,NA,NA,NA,NA,NA,NA,NA,NA,NA,NA,NA,NA,NA,NA,NA,NA
"Cluster344",NA,NA,NA,NA,NA,NA,NA,NA,1,NA,NA,NA,NA,NA,NA,NA,NA,NA,NA,NA,NA,NA,1,NA,NA,NA,NA,NA,NA,NA,NA,1,NA,NA,NA,NA,NA,NA,NA,NA,1,NA,NA,1
"Cluster86",NA,NA,NA,NA,NA,NA,NA,NA,1,1,NA,NA,NA,1,NA,NA,NA,NA,NA,1,NA,NA,NA,NA,NA,NA,NA,NA,NA,NA,NA,NA,NA,NA,NA,NA,NA,1,1,NA,NA,NA,NA,NA
"Cluster83",NA,NA,NA,NA,NA,NA,NA,NA,1,NA,NA,NA,NA,1,NA,NA,NA,NA,NA,NA,NA,1,NA,NA,NA,NA,NA,NA,NA,NA,NA,1,NA,NA,NA,NA,NA,NA,NA,1,NA,1,NA,NA
"Cluster283",NA,NA,NA,NA,NA,NA,NA,NA,1,1,1,NA,NA,NA,NA,NA,NA,1,NA,1,NA,1,NA,NA,NA,NA,NA,NA,1,1,1,NA,NA,1,1,NA,1,NA,NA,1,NA,NA,NA,NA
"Cluster195",NA,NA,NA,NA,NA,NA,NA,NA,NA,1,NA,NA,NA,NA,NA,NA,NA,NA,NA,NA,1,NA,NA,NA,NA,NA,1,NA,NA,NA,NA,NA,NA,NA,NA,NA,NA,NA,NA,NA,NA,NA,NA,NA
"Cluster351",NA,NA,NA,NA,NA,NA,NA,NA,NA,1,1,1,NA,NA,NA,NA,1,NA,NA,1,1,NA,NA,NA,NA,1,NA,NA,NA,NA,NA,NA,NA,1,NA,NA,1,1,NA,1,NA,NA,1,NA
"Cluster107",NA,NA,NA,NA,NA,NA,NA,NA,NA,1,NA,NA,NA,NA,NA,NA,NA,NA,NA,1,NA,NA,NA,NA,NA,1,NA,NA,1,NA,NA,NA,NA,NA,1,NA,1,1,NA,1,NA,NA,1,NA
"Cluster66",NA,NA,NA,NA,NA,NA,NA,NA,NA,1,NA,1,NA,NA,NA,NA,NA,NA,NA,NA,NA,NA,NA,NA,1,NA,NA,NA,NA,NA,NA,NA,NA,NA,NA,NA,NA,NA,NA,NA,NA,NA,NA,NA
"Cluster92",NA,NA,NA,NA,NA,NA,NA,NA,NA,1,NA,NA,NA,NA,NA,NA,NA,NA,NA,NA,NA,NA,NA,NA,NA,NA,NA,NA,NA,NA,NA,NA,NA,NA,NA,NA,NA,NA,1,NA,NA,NA,NA,NA
"Cluster323",NA,NA,NA,NA,NA,NA,NA,NA,NA,NA,1,NA,NA,NA,NA,NA,NA,NA,NA,NA,NA,NA,NA,NA,NA,NA,NA,NA,NA,NA,NA,NA,1,NA,NA,NA,NA,NA,NA,NA,NA,NA,NA,NA
"Cluster365",NA,NA,NA,NA,NA,NA,NA,NA,NA,NA,1,NA,NA,NA,NA,1,NA,1,NA,1,1,NA,NA,1,NA,NA,NA,NA,NA,NA,NA,NA,1,1,NA,NA,1,1,NA,NA,NA,NA,1,NA
"Cluster258",NA,NA,NA,NA,NA,NA,NA,NA,NA,NA,NA,1,NA,NA,NA,NA,NA,NA,NA,NA,NA,NA,NA,1,NA,NA,NA,NA,1,NA,NA,NA,NA,NA,NA,NA,NA,NA,NA,NA,NA,NA,NA,NA
"Cluster261",NA,NA,NA,NA,NA,NA,NA,NA,NA,NA,NA,1,NA,NA,NA,NA,NA,NA,1,NA,NA,NA,NA,1,NA,NA,NA,NA,NA,NA,NA,NA,NA,NA,1,1,NA,NA,NA,NA,1,NA,NA,1
"Cluster27",NA,NA,NA,NA,NA,NA,NA,NA,NA,NA,NA,1,1,NA,1,NA,NA,NA,1,NA,NA,NA,NA,NA,NA,NA,NA,NA,NA,NA,NA,NA,NA,NA,NA,NA,NA,NA,NA,NA,NA,NA,NA,NA
"Cluster327",NA,NA,NA,NA,NA,NA,NA,NA,NA,NA,NA,1,NA,NA,NA,1,NA,NA,1,1,NA,1,NA,1,NA,NA,NA,NA,NA,1,1,1,NA,1,1,1,1,NA,1,1,1,1,NA,1
"Cluster215",NA,NA,NA,NA,NA,NA,NA,NA,NA,NA,NA,NA,1,NA,NA,NA,NA,NA,NA,1,NA,NA,NA,NA,NA,NA,NA,NA,NA,NA,NA,NA,NA,NA,NA,NA,NA,NA,NA,NA,NA,NA,NA,NA
"Cluster50",NA,NA,NA,NA,NA,NA,NA,NA,NA,NA,NA,NA,1,NA,NA,NA,NA,NA,NA,NA,NA,NA,NA,NA,NA,NA,NA,NA,NA,NA,NA,NA,1,NA,NA,NA,NA,NA,1,NA,NA,NA,NA,NA
"Cluster242",NA,NA,NA,NA,NA,NA,NA,NA,NA,NA,NA,NA,1,NA,NA,NA,NA,NA,NA,NA,NA,1,NA,NA,NA,NA,NA,NA,NA,NA,NA,NA,NA,NA,NA,NA,NA,NA,NA,1,NA,NA,NA,NA
"Cluster353",NA,NA,NA,NA,NA,NA,NA,NA,NA,NA,NA,NA,NA,1,NA,NA,NA,NA,NA,NA,NA,NA,NA,NA,NA,NA,NA,NA,NA,NA,NA,NA,NA,NA,NA,NA,NA,NA,1,NA,NA,NA,NA,NA
"Cluster212",NA,NA,NA,NA,NA,NA,NA,NA,NA,NA,NA,NA,NA,1,NA,NA,NA,NA,NA,NA,NA,NA,NA,NA,NA,NA,NA,NA,NA,NA,NA,NA,1,NA,NA,NA,1,NA,NA,NA,NA,NA,NA,NA
"Cluster108",NA,NA,NA,NA,NA,NA,NA,NA,NA,NA,NA,NA,NA,1,NA,NA,NA,NA,NA,NA,1,NA,NA,NA,NA,1,NA,NA,NA,NA,NA,NA,NA,NA,NA,NA,NA,1,NA,1,NA,NA,NA,NA
"Cluster157",NA,NA,NA,NA,NA,NA,NA,NA,NA,NA,NA,NA,NA,1,NA,NA,NA,NA,NA,NA,NA,NA,NA,NA,NA,1,NA,NA,NA,NA,NA,NA,NA,NA,NA,NA,NA,NA,1,NA,NA,NA,NA,NA
"Cluster62",NA,NA,NA,NA,NA,NA,NA,NA,NA,NA,NA,NA,NA,1,NA,NA,NA,NA,NA,NA,NA,1,1,NA,NA,NA,NA,NA,NA,NA,NA,NA,NA,NA,NA,NA,NA,NA,1,NA,NA,NA,NA,NA
"Cluster333",NA,NA,NA,NA,NA,NA,NA,NA,NA,NA,NA,NA,NA,1,NA,NA,NA,NA,NA,NA,NA,NA,NA,NA,NA,NA,NA,1,NA,NA,NA,NA,NA,NA,NA,NA,NA,NA,NA,NA,NA,NA,NA,NA
"Cluster213",NA,NA,NA,NA,NA,NA,NA,NA,NA,NA,NA,NA,NA,1,NA,NA,NA,NA,NA,NA,1,1,NA,NA,NA,NA,1,NA,NA,NA,NA,NA,NA,NA,NA,NA,NA,NA,NA,NA,NA,NA,NA,NA
"Cluster237",NA,NA,NA,NA,NA,NA,NA,NA,NA,NA,NA,NA,NA,1,NA,NA,NA,NA,NA,NA,NA,NA,1,NA,NA,NA,NA,NA,NA,NA,NA,NA,NA,NA,NA,NA,NA,NA,1,NA,NA,NA,NA,NA
"Cluster186",NA,NA,NA,NA,NA,NA,NA,NA,NA,NA,NA,NA,NA,NA,NA,1,NA,NA,NA,NA,NA,1,NA,NA,NA,NA,NA,NA,NA,NA,NA,NA,NA,NA,NA,NA,NA,NA,NA,NA,NA,NA,NA,NA
"Cluster336",NA,NA,NA,NA,NA,NA,NA,NA,NA,NA,NA,NA,NA,NA,NA,1,NA,NA,NA,1,NA,NA,NA,NA,NA,NA,NA,NA,NA,NA,NA,NA,NA,NA,NA,NA,NA,NA,NA,NA,NA,NA,NA,NA
"Cluster72",NA,NA,NA,NA,NA,NA,NA,NA,NA,NA,NA,NA,NA,NA,NA,1,NA,NA,NA,NA,1,NA,NA,NA,NA,NA,NA,NA,NA,NA,NA,NA,NA,NA,NA,NA,NA,NA,NA,NA,NA,NA,NA,NA
"Cluster33",NA,NA,NA,NA,NA,NA,NA,NA,NA,NA,NA,NA,NA,NA,NA,1,NA,1,NA,NA,1,NA,NA,NA,NA,1,NA,NA,NA,NA,NA,1,NA,1,NA,NA,1,1,NA,NA,NA,NA,1,NA
"Cluster285",NA,NA,NA,NA,NA,NA,NA,NA,NA,NA,NA,NA,NA,NA,NA,1,NA,1,NA,NA,NA,NA,NA,NA,NA,NA,NA,NA,NA,NA,NA,NA,NA,1,NA,NA,NA,1,NA,NA,NA,NA,1,NA
"Cluster173",NA,NA,NA,NA,NA,NA,NA,NA,NA,NA,NA,NA,NA,NA,NA,1,NA,NA,NA,NA,NA,NA,1,NA,NA,NA,NA,NA,NA,NA,NA,NA,NA,1,NA,NA,NA,NA,NA,NA,NA,NA,1,NA
"Cluster131",NA,NA,NA,NA,NA,NA,NA,NA,NA,NA,NA,NA,NA,NA,NA,1,NA,1,NA,NA,1,NA,1,NA,NA,NA,NA,NA,NA,NA,NA,NA,NA,NA,NA,NA,1,1,NA,NA,NA,NA,1,NA
"Cluster145",NA,NA,NA,NA,NA,NA,NA,NA,NA,NA,NA,NA,NA,NA,NA,1,NA,NA,NA,NA,NA,NA,NA,NA,NA,NA,NA,NA,NA,NA,NA,NA,NA,NA,NA,NA,1,NA,NA,NA,NA,NA,NA,NA
"Cluster99",NA,NA,NA,NA,NA,NA,NA,NA,NA,NA,NA,NA,NA,NA,NA,NA,1,NA,NA,1,NA,NA,NA,NA,NA,NA,NA,NA,NA,NA,NA,NA,NA,NA,NA,NA,NA,NA,NA,NA,NA,NA,NA,NA
"Cluster325",NA,NA,NA,NA,NA,NA,NA,NA,NA,NA,NA,NA,NA,NA,NA,NA,NA,1,NA,NA,NA,NA,NA,NA,NA,NA,NA,NA,NA,NA,NA,NA,NA,NA,NA,NA,NA,NA,NA,NA,NA,NA,1,NA
"Cluster348",NA,NA,NA,NA,NA,NA,NA,NA,NA,NA,NA,NA,NA,NA,NA,NA,NA,1,NA,NA,NA,NA,NA,NA,NA,NA,NA,NA,NA,NA,NA,NA,NA,NA,NA,NA,NA,NA,NA,NA,NA,NA,1,NA
"Cluster69",NA,NA,NA,NA,NA,NA,NA,NA,NA,NA,NA,NA,NA,NA,NA,NA,NA,1,NA,1,NA,NA,NA,NA,NA,NA,NA,NA,NA,NA,NA,NA,1,NA,NA,NA,NA,NA,1,NA,NA,NA,NA,NA
"Cluster58",NA,NA,NA,NA,NA,NA,NA,NA,NA,NA,NA,NA,NA,NA,NA,NA,NA,1,NA,1,NA,NA,1,NA,NA,NA,NA,NA,NA,NA,NA,NA,1,1,NA,NA,1,1,1,NA,NA,NA,NA,NA
"Cluster44",NA,NA,NA,NA,NA,NA,NA,NA,NA,NA,NA,NA,NA,NA,NA,NA,NA,1,NA,NA,NA,NA,NA,NA,NA,1,NA,NA,NA,NA,NA,NA,NA,NA,NA,NA,NA,NA,NA,NA,NA,NA,NA,NA
"Cluster307",NA,NA,NA,NA,NA,NA,NA,NA,NA,NA,NA,NA,NA,NA,NA,NA,NA,1,NA,1,NA,NA,1,NA,NA,NA,NA,1,NA,NA,NA,NA,1,1,NA,NA,1,NA,NA,NA,NA,NA,1,NA
"Cluster214",NA,NA,NA,NA,NA,NA,NA,NA,NA,NA,NA,NA,NA,NA,NA,NA,NA,1,NA,1,NA,NA,NA,NA,NA,NA,NA,NA,NA,NA,NA,NA,NA,NA,NA,NA,NA,NA,NA,NA,NA,NA,NA,NA
"Cluster158",NA,NA,NA,NA,NA,NA,NA,NA,NA,NA,NA,NA,NA,NA,NA,NA,NA,NA,NA,1,NA,NA,NA,NA,NA,NA,NA,NA,NA,NA,NA,NA,NA,NA,NA,NA,NA,NA,1,NA,NA,NA,NA,NA
"Cluster187",NA,NA,NA,NA,NA,NA,NA,NA,NA,NA,NA,NA,NA,NA,NA,NA,NA,NA,NA,1,NA,NA,NA,NA,NA,NA,NA,NA,NA,NA,NA,NA,NA,NA,NA,NA,NA,NA,1,NA,NA,NA,NA,NA
"Cluster188",NA,NA,NA,NA,NA,NA,NA,NA,NA,NA,NA,NA,NA,NA,NA,NA,NA,NA,NA,1,NA,NA,NA,NA,NA,NA,NA,NA,NA,NA,NA,NA,NA,NA,NA,NA,NA,NA,1,NA,NA,NA,NA,NA
"Cluster289",NA,NA,NA,NA,NA,NA,NA,NA,NA,NA,NA,NA,NA,NA,NA,NA,NA,NA,NA,1,1,NA,NA,NA,NA,NA,NA,NA,NA,NA,NA,NA,NA,NA,NA,NA,NA,NA,NA,NA,NA,NA,NA,NA
"Cluster181",NA,NA,NA,NA,NA,NA,NA,NA,NA,NA,NA,NA,NA,NA,NA,NA,NA,NA,NA,1,NA,NA,NA,NA,NA,1,NA,NA,NA,NA,NA,NA,NA,NA,NA,NA,1,NA,NA,NA,NA,NA,NA,NA
"Cluster234",NA,NA,NA,NA,NA,NA,NA,NA,NA,NA,NA,NA,NA,NA,NA,NA,NA,NA,NA,1,NA,NA,NA,NA,NA,NA,NA,NA,NA,NA,NA,NA,NA,NA,NA,NA,NA,NA,1,NA,NA,NA,NA,NA
"Cluster227",NA,NA,NA,NA,NA,NA,NA,NA,NA,NA,NA,NA,NA,NA,NA,NA,NA,NA,NA,1,NA,NA,NA,NA,NA,NA,NA,NA,NA,NA,NA,NA,NA,NA,NA,NA,NA,NA,NA,NA,NA,1,NA,NA
"Cluster85",NA,NA,NA,NA,NA,NA,NA,NA,NA,NA,NA,NA,NA,NA,NA,NA,NA,NA,NA,1,NA,NA,1,NA,NA,NA,NA,NA,NA,NA,1,NA,1,1,NA,NA,1,1,1,NA,NA,NA,NA,NA
"Cluster257",NA,NA,NA,NA,NA,NA,NA,NA,NA,NA,NA,NA,NA,NA,NA,NA,NA,NA,NA,1,NA,NA,NA,NA,NA,NA,NA,NA,NA,NA,NA,NA,NA,NA,NA,NA,NA,NA,1,NA,NA,NA,NA,NA
"Cluster355",NA,NA,NA,NA,NA,NA,NA,NA,NA,NA,NA,NA,NA,NA,NA,NA,NA,NA,NA,1,1,NA,NA,NA,NA,NA,NA,NA,1,NA,NA,NA,NA,NA,NA,NA,NA,NA,NA,1,NA,NA,NA,NA
"Cluster144",NA,NA,NA,NA,NA,NA,NA,NA,NA,NA,NA,NA,NA,NA,NA,NA,NA,NA,NA,1,NA,NA,NA,NA,NA,NA,NA,NA,NA,NA,NA,NA,NA,NA,NA,NA,NA,NA,NA,NA,NA,1,NA,NA
"Cluster235",NA,NA,NA,NA,NA,NA,NA,NA,NA,NA,NA,NA,NA,NA,NA,NA,NA,NA,NA,1,1,NA,NA,NA,NA,NA,NA,NA,NA,NA,1,NA,NA,NA,NA,NA,NA,NA,1,1,NA,NA,NA,NA
"Cluster349",NA,NA,NA,NA,NA,NA,NA,NA,NA,NA,NA,NA,NA,NA,NA,NA,NA,NA,NA,1,NA,NA,NA,NA,NA,NA,NA,NA,NA,NA,NA,NA,NA,NA,NA,NA,NA,NA,1,NA,NA,NA,NA,NA
"Cluster361",NA,NA,NA,NA,NA,NA,NA,NA,NA,NA,NA,NA,NA,NA,NA,NA,NA,NA,NA,NA,1,NA,NA,NA,NA,NA,NA,NA,NA,NA,NA,NA,NA,1,NA,NA,NA,NA,NA,NA,NA,NA,NA,NA
"Cluster318",NA,NA,NA,NA,NA,NA,NA,NA,NA,NA,NA,NA,NA,NA,NA,NA,NA,NA,NA,NA,1,NA,NA,NA,NA,NA,NA,NA,NA,1,NA,NA,NA,NA,1,NA,NA,NA,NA,NA,1,NA,NA,1
"Cluster196",NA,NA,NA,NA,NA,NA,NA,NA,NA,NA,NA,NA,NA,NA,NA,NA,NA,NA,NA,NA,1,NA,NA,NA,NA,NA,1,NA,NA,NA,NA,NA,NA,1,NA,NA,NA,NA,1,NA,NA,NA,NA,NA
"Cluster40",NA,NA,NA,NA,NA,NA,NA,NA,NA,NA,NA,NA,NA,NA,NA,NA,NA,NA,NA,NA,1,NA,NA,NA,NA,1,NA,NA,NA,NA,NA,NA,NA,1,NA,NA,1,NA,1,1,NA,1,NA,NA
"Cluster270",NA,NA,NA,NA,NA,NA,NA,NA,NA,NA,NA,NA,NA,NA,NA,NA,NA,NA,NA,NA,NA,1,NA,NA,NA,NA,NA,NA,NA,NA,NA,NA,NA,NA,1,NA,NA,NA,1,NA,1,NA,1,1
"Cluster177",NA,NA,NA,NA,NA,NA,NA,NA,NA,NA,NA,NA,NA,NA,NA,NA,NA,NA,NA,NA,NA,NA,NA,1,NA,NA,NA,NA,NA,NA,NA,NA,NA,NA,NA,NA,NA,NA,NA,NA,NA,1,NA,NA
"Cluster154",NA,NA,NA,NA,NA,NA,NA,NA,NA,NA,NA,NA,NA,NA,NA,NA,NA,NA,NA,NA,NA,NA,NA,NA,NA,1,1,NA,NA,NA,NA,NA,NA,NA,NA,NA,NA,NA,NA,NA,NA,NA,NA,NA
"Cluster34",NA,NA,NA,NA,NA,NA,NA,NA,NA,NA,NA,NA,NA,NA,NA,NA,NA,NA,NA,NA,NA,NA,NA,NA,NA,1,NA,NA,NA,NA,NA,NA,NA,NA,NA,NA,NA,NA,1,NA,NA,NA,NA,NA
"Cluster312",NA,NA,NA,NA,NA,NA,NA,NA,NA,NA,NA,NA,NA,NA,NA,NA,NA,NA,NA,NA,NA,NA,NA,NA,NA,NA,NA,1,NA,NA,NA,NA,NA,NA,NA,NA,NA,NA,NA,1,NA,NA,NA,NA
"Cluster163",NA,NA,NA,NA,NA,NA,NA,NA,NA,NA,NA,NA,NA,NA,NA,NA,NA,NA,NA,NA,NA,NA,NA,NA,NA,NA,NA,NA,NA,NA,NA,NA,NA,1,NA,NA,1,NA,NA,NA,NA,NA,NA,NA
"Cluster321",NA,NA,NA,NA,NA,NA,NA,NA,NA,NA,NA,NA,NA,NA,NA,NA,NA,NA,NA,NA,NA,NA,NA,NA,NA,NA,NA,NA,NA,NA,NA,NA,NA,1,NA,NA,NA,1,NA,NA,NA,NA,NA,NA
"Cluster277",NA,NA,NA,NA,NA,NA,NA,NA,NA,NA,NA,NA,NA,NA,NA,NA,NA,NA,NA,NA,NA,NA,NA,NA,NA,NA,NA,NA,NA,NA,NA,NA,NA,NA,1,NA,NA,NA,NA,NA,1,NA,NA,1
"Cluster231",NA,NA,NA,NA,NA,NA,NA,NA,NA,NA,NA,NA,NA,NA,NA,NA,NA,NA,NA,NA,NA,NA,NA,NA,NA,NA,NA,NA,NA,NA,NA,NA,NA,NA,NA,NA,1,NA,1,NA,NA,NA,NA,NA
"Cluster38",NA,NA,NA,NA,NA,NA,NA,NA,NA,NA,NA,NA,NA,NA,NA,NA,NA,NA,NA,NA,NA,NA,NA,NA,NA,NA,NA,NA,NA,NA,NA,NA,NA,NA,NA,NA,1,NA,1,NA,NA,NA,NA,NA
"Cluster228",NA,NA,NA,NA,NA,NA,NA,NA,NA,NA,NA,NA,NA,NA,NA,NA,NA,NA,NA,NA,NA,NA,NA,NA,NA,NA,NA,NA,NA,NA,NA,NA,NA,NA,NA,NA,NA,NA,NA,NA,1,NA,NA,1
"Cluster265",NA,NA,NA,NA,NA,NA,NA,NA,NA,NA,NA,NA,NA,NA,NA,NA,NA,NA,NA,NA,NA,NA,NA,NA,NA,NA,NA,NA,NA,NA,NA,NA,NA,NA,NA,NA,NA,NA,NA,NA,NA,NA,1,1
