"","cluster","250722_154215.mea","250722_164711.mea","250722_175208.mea","250722_185704.mea","250722_200200.mea","250722_221156.mea","250722_231652.mea","250723_002149.mea","250723_012648.mea","250723_142910.mea","250723_153407.mea","250723_163904.mea","250723_174359.mea","250723_184855.mea","250723_205849.mea","250723_220344.mea","250723_230841.mea","250724_001339.mea","250519_150601.mea","250519_161058.mea","250519_171554.mea","250519_182051.mea","250519_192549.mea","250519_203045.mea","250519_224039.mea","250519_234535.mea","250520_005033.mea","250520_015530.mea","250520_030027.mea","250520_051343.mea","250520_141131.mea","250520_151627.mea","250520_162123.mea","250520_172618.mea","250520_183115.mea","250520_193613.mea","250520_214606.mea","250520_225105.mea","250520_235604.mea","250521_010101.mea","250521_020558.mea","250521_041917.mea","250521_144429.mea","250521_154926.mea","250521_165422.mea","250521_175919.mea","250522_102552.mea","250522_123546.mea","250522_134042.mea","250522_144540.mea","250522_155037.mea","250522_165536.mea","250522_190530.mea","250522_222342.mea","250522_232839.mea","250523_003336.mea","250523_013832.mea","250523_024330.mea","250523_045326.mea","250523_055821.mea","250523_070318.mea","250523_091312.mea"
"1","Cluster447",1,NA,NA,NA,NA,NA,1,NA,NA,NA,NA,NA,NA,NA,NA,NA,NA,NA,NA,NA,NA,NA,NA,NA,NA,NA,NA,NA,NA,NA,NA,NA,NA,NA,NA,NA,NA,NA,NA,NA,NA,NA,NA,NA,NA,NA,NA,NA,NA,NA,NA,NA,NA,NA,NA,NA,NA,NA,NA,NA,NA,NA
"2","Cluster51",1,1,1,1,1,1,1,1,1,1,1,1,NA,NA,1,1,1,1,1,1,1,1,1,1,1,1,1,1,1,1,1,1,1,1,1,1,1,1,1,1,1,1,1,1,1,1,1,1,1,1,1,1,1,1,1,1,1,1,1,1,1,1
"3","Cluster68",1,1,1,1,1,1,1,1,1,1,1,1,NA,NA,1,1,1,1,1,1,1,1,1,1,1,NA,1,1,1,1,1,1,1,1,1,1,1,1,1,1,1,1,1,NA,1,1,1,1,1,1,NA,NA,1,1,NA,NA,NA,1,1,1,1,1
"4","Cluster251",1,NA,NA,NA,NA,NA,1,NA,NA,NA,1,NA,NA,NA,1,NA,1,NA,NA,NA,NA,NA,NA,NA,NA,NA,NA,NA,NA,NA,NA,NA,NA,NA,NA,NA,NA,NA,NA,NA,NA,NA,NA,NA,NA,NA,NA,NA,NA,NA,NA,NA,NA,NA,NA,NA,NA,NA,NA,NA,NA,NA
"5","Cluster82",1,1,1,1,1,1,1,1,NA,NA,1,1,NA,NA,NA,1,1,1,1,1,1,NA,1,1,1,1,1,1,1,1,1,1,1,1,1,1,1,1,1,1,1,1,1,1,NA,1,1,1,1,1,1,1,1,1,1,1,NA,1,1,1,1,1
"6","Cluster222",1,1,NA,1,NA,NA,1,NA,1,1,NA,1,NA,NA,1,NA,NA,NA,NA,1,NA,1,NA,NA,NA,NA,NA,NA,NA,NA,NA,1,NA,NA,NA,NA,NA,NA,NA,NA,NA,NA,NA,NA,NA,NA,NA,NA,NA,NA,1,NA,NA,NA,NA,1,NA,NA,NA,NA,NA,NA
"7","Cluster423",1,NA,NA,NA,NA,NA,NA,NA,NA,NA,NA,NA,NA,NA,NA,NA,NA,NA,NA,NA,NA,NA,NA,NA,NA,NA,NA,NA,NA,NA,NA,NA,NA,NA,NA,NA,NA,1,NA,NA,NA,NA,NA,NA,NA,NA,NA,NA,NA,NA,NA,NA,NA,NA,NA,NA,NA,NA,NA,NA,NA,NA
"8","Cluster31",1,1,NA,1,NA,NA,NA,NA,NA,1,1,1,NA,NA,1,NA,NA,NA,1,1,NA,NA,NA,NA,NA,1,NA,NA,NA,NA,1,1,1,1,1,1,NA,NA,NA,NA,NA,NA,1,1,NA,NA,NA,NA,NA,NA,NA,NA,NA,NA,1,NA,NA,NA,NA,NA,NA,NA
"9","Cluster397",1,NA,NA,NA,NA,NA,NA,NA,NA,1,NA,NA,NA,NA,NA,NA,NA,NA,NA,NA,NA,NA,1,NA,NA,NA,NA,NA,1,NA,NA,1,NA,1,1,NA,NA,1,NA,NA,NA,NA,NA,1,NA,1,NA,NA,NA,NA,NA,NA,NA,NA,NA,NA,NA,NA,NA,1,NA,NA
"10","Cluster216",1,1,1,1,1,1,NA,1,NA,NA,NA,NA,NA,NA,NA,1,1,NA,NA,NA,NA,1,1,1,NA,1,NA,NA,1,NA,NA,1,NA,1,1,1,NA,NA,1,1,1,NA,NA,NA,1,1,1,NA,1,1,1,1,NA,NA,1,NA,NA,NA,NA,1,1,NA
"11","Cluster152",1,1,NA,NA,NA,NA,1,NA,NA,NA,NA,1,NA,NA,1,NA,1,1,1,1,1,NA,1,NA,1,1,NA,NA,1,1,1,NA,1,1,NA,1,1,1,1,1,1,1,1,1,NA,NA,1,1,NA,1,1,1,1,1,1,1,1,1,1,NA,NA,1
"12","Cluster292",1,NA,NA,NA,NA,NA,NA,NA,NA,NA,NA,NA,NA,NA,NA,NA,NA,NA,NA,NA,NA,NA,NA,NA,NA,NA,NA,NA,NA,NA,NA,NA,NA,NA,NA,NA,NA,NA,NA,1,NA,NA,NA,NA,NA,NA,NA,NA,NA,NA,NA,NA,NA,NA,NA,NA,NA,NA,NA,NA,NA,NA
"13","Cluster171",1,NA,NA,NA,1,1,NA,NA,NA,1,1,NA,NA,NA,NA,NA,NA,NA,1,NA,1,1,1,1,1,1,NA,1,1,1,1,1,1,1,NA,NA,1,1,1,NA,NA,1,1,1,NA,NA,NA,1,1,1,1,NA,1,1,NA,NA,1,1,1,1,NA,1
"14","Cluster220",1,1,1,1,1,1,1,1,1,1,1,1,NA,NA,1,1,1,1,1,1,1,1,1,1,1,1,1,1,1,1,1,1,1,1,1,1,1,1,1,1,1,1,1,1,1,1,1,1,1,1,1,1,1,1,1,1,1,1,1,1,1,1
"15","Cluster237",1,1,1,NA,1,NA,NA,NA,NA,NA,1,NA,NA,NA,1,1,1,1,NA,NA,NA,NA,NA,NA,NA,NA,1,NA,NA,NA,NA,1,NA,NA,NA,NA,NA,1,NA,NA,NA,NA,NA,NA,NA,NA,NA,NA,NA,NA,NA,NA,NA,NA,NA,NA,1,NA,NA,1,NA,NA
"16","Cluster333",1,NA,1,1,1,1,NA,1,1,1,1,1,NA,NA,1,1,1,NA,1,1,1,1,1,1,1,1,NA,1,1,1,1,1,1,NA,1,1,1,1,1,1,NA,1,1,1,1,NA,NA,1,NA,1,NA,1,1,1,1,1,1,NA,1,NA,1,1
"17","Cluster479",1,NA,1,1,NA,NA,1,NA,1,NA,NA,1,NA,NA,NA,NA,1,1,1,1,1,1,1,1,1,1,NA,1,1,1,1,1,1,1,1,1,1,1,1,1,NA,1,1,1,1,1,1,1,1,NA,1,1,1,NA,1,1,NA,1,NA,1,1,1
"18","Cluster202",1,1,1,1,1,1,1,1,1,1,NA,1,NA,NA,1,1,1,1,1,1,1,1,1,1,1,1,1,1,1,1,1,1,1,1,1,1,1,1,1,1,1,1,1,1,1,1,1,1,1,1,1,1,1,1,1,1,1,1,1,1,1,1
"19","Cluster96",1,1,1,1,1,NA,1,1,1,1,1,1,NA,NA,1,1,1,1,1,1,1,1,1,1,1,1,1,1,1,1,1,NA,1,1,1,1,1,1,1,1,1,1,1,1,1,1,1,1,1,1,1,1,1,1,1,1,1,1,1,1,1,1
"20","Cluster42",1,1,NA,1,NA,NA,1,NA,NA,NA,1,1,NA,NA,1,1,1,NA,NA,1,NA,1,1,NA,NA,1,NA,1,NA,NA,NA,NA,NA,NA,1,1,NA,NA,NA,1,NA,NA,NA,NA,NA,NA,1,NA,1,1,1,1,NA,NA,1,1,NA,1,NA,1,NA,NA
"21","Cluster5",1,1,1,1,1,1,1,1,NA,1,1,1,NA,NA,1,1,1,1,1,1,1,1,1,1,NA,1,1,1,NA,NA,1,1,1,1,1,NA,NA,NA,1,NA,NA,NA,1,1,1,1,NA,NA,NA,1,NA,NA,NA,1,1,NA,1,NA,NA,NA,NA,NA
"22","Cluster67",1,1,NA,1,NA,1,1,1,1,1,1,1,NA,NA,1,1,1,NA,1,NA,1,NA,NA,NA,1,NA,NA,NA,NA,1,1,NA,1,1,NA,1,1,NA,NA,1,NA,1,1,NA,1,NA,NA,NA,NA,NA,NA,NA,NA,1,NA,NA,NA,NA,1,NA,NA,1
"23","Cluster162",1,1,NA,1,1,NA,NA,NA,NA,NA,NA,1,NA,NA,NA,NA,1,1,NA,1,NA,NA,NA,NA,NA,1,NA,1,NA,NA,NA,NA,NA,1,1,1,NA,1,1,NA,NA,NA,NA,NA,1,1,1,1,1,NA,1,1,NA,NA,1,1,NA,1,NA,NA,1,1
"24","Cluster469",1,NA,NA,NA,NA,NA,NA,NA,NA,1,1,NA,NA,NA,NA,NA,NA,NA,NA,NA,NA,1,NA,NA,NA,NA,NA,NA,NA,NA,NA,NA,NA,NA,NA,NA,NA,1,NA,NA,NA,NA,NA,NA,NA,NA,NA,NA,NA,1,NA,NA,NA,NA,NA,NA,1,NA,NA,NA,NA,NA
"25","Cluster468",1,NA,NA,NA,1,NA,NA,NA,NA,1,1,1,NA,NA,NA,1,NA,1,1,1,1,1,NA,NA,1,1,1,NA,1,1,1,NA,1,NA,NA,NA,1,1,1,NA,NA,1,1,1,NA,NA,NA,1,1,1,1,1,1,1,1,1,1,1,1,1,NA,1
"26","Cluster497",1,NA,NA,1,NA,1,NA,NA,NA,1,1,NA,NA,NA,NA,NA,NA,NA,NA,NA,NA,NA,NA,NA,NA,NA,NA,1,1,NA,NA,NA,NA,NA,NA,NA,NA,1,1,NA,NA,NA,NA,1,NA,NA,NA,NA,NA,NA,NA,NA,NA,NA,NA,NA,NA,1,NA,NA,NA,NA
"27","Cluster196",1,1,1,1,1,1,1,1,1,1,1,1,NA,NA,1,1,1,1,1,1,1,1,1,1,1,1,1,1,1,1,1,1,1,1,1,1,1,1,1,1,1,1,1,1,1,1,1,1,1,1,1,1,1,1,1,1,1,1,1,1,1,1
"28","Cluster78",1,1,1,1,1,1,1,1,1,1,1,1,NA,NA,1,1,1,1,1,1,1,1,1,1,1,1,1,1,1,1,1,1,1,1,1,1,1,1,1,1,1,1,1,1,1,1,1,1,1,1,1,1,1,1,1,1,1,1,1,1,1,1
"29","Cluster442",1,NA,NA,NA,1,1,NA,NA,NA,NA,NA,1,NA,NA,NA,1,NA,1,NA,1,NA,NA,NA,NA,1,1,NA,NA,1,1,NA,NA,NA,NA,NA,NA,NA,1,1,NA,NA,1,NA,NA,NA,NA,NA,1,NA,1,NA,NA,NA,NA,NA,1,1,1,1,1,NA,1
"30","Cluster58",1,1,NA,1,1,1,NA,NA,NA,NA,1,1,NA,1,NA,1,NA,NA,NA,NA,NA,NA,1,NA,NA,NA,1,NA,NA,NA,NA,NA,NA,NA,NA,1,NA,NA,NA,NA,NA,NA,NA,1,NA,NA,NA,NA,NA,1,NA,NA,NA,NA,1,NA,NA,NA,NA,NA,NA,NA
"31","Cluster297",1,NA,1,1,1,NA,NA,NA,NA,NA,1,1,NA,NA,1,NA,1,1,1,NA,1,NA,1,NA,1,1,NA,NA,NA,NA,1,1,1,1,1,NA,1,NA,NA,1,NA,1,1,NA,NA,NA,NA,1,NA,NA,NA,NA,1,1,1,1,1,NA,1,NA,1,1
"32","Cluster419",1,1,1,1,1,NA,NA,NA,1,1,1,1,NA,NA,1,1,1,1,NA,NA,NA,1,1,NA,NA,1,1,1,1,NA,NA,1,NA,1,1,1,NA,1,1,1,1,NA,NA,NA,NA,1,NA,NA,1,1,NA,1,NA,NA,1,1,1,1,NA,1,1,NA
"33","Cluster456",1,NA,NA,NA,1,NA,NA,1,NA,NA,1,NA,NA,NA,NA,NA,NA,NA,NA,NA,NA,NA,NA,NA,NA,NA,NA,NA,NA,NA,NA,NA,NA,NA,NA,NA,NA,1,NA,NA,NA,NA,NA,NA,NA,NA,NA,NA,NA,NA,NA,NA,NA,NA,NA,NA,NA,NA,NA,NA,NA,NA
"34","Cluster473",1,NA,NA,1,1,1,1,1,NA,1,1,1,NA,NA,NA,1,1,1,1,1,1,NA,NA,NA,1,1,NA,1,1,1,1,NA,1,NA,NA,NA,1,1,NA,1,NA,1,1,1,NA,NA,NA,1,NA,1,NA,1,1,1,1,1,1,1,1,1,NA,1
"35","Cluster174",1,1,1,1,1,1,1,1,1,1,1,1,NA,NA,1,1,1,1,1,NA,1,1,1,1,1,1,1,1,1,1,1,1,1,1,1,1,1,1,1,1,1,1,1,1,1,1,1,1,1,1,1,1,1,1,1,1,1,1,1,1,1,1
"36","Cluster194",1,NA,NA,NA,1,1,1,1,NA,NA,NA,NA,NA,NA,1,1,1,1,1,1,1,NA,NA,1,1,NA,1,NA,NA,1,1,NA,1,NA,NA,NA,1,1,1,NA,NA,1,1,NA,NA,NA,NA,1,NA,1,1,NA,1,1,NA,NA,1,1,1,1,NA,1
"37","Cluster401",1,1,1,1,1,1,1,1,1,1,1,1,NA,NA,1,1,1,1,1,1,1,1,1,1,1,1,1,1,1,1,1,1,1,1,1,1,1,1,1,1,1,1,1,1,1,1,1,1,1,1,1,1,1,1,1,1,1,1,1,1,1,1
"38","Cluster55",1,1,1,1,1,1,1,1,1,1,1,1,NA,NA,1,1,1,1,1,1,1,1,1,1,1,1,1,1,1,1,1,1,1,1,1,1,1,1,1,1,1,1,1,1,1,1,1,1,1,1,1,1,1,1,1,1,1,1,1,1,1,1
"39","Cluster470",1,1,1,NA,NA,NA,NA,NA,NA,NA,NA,NA,NA,NA,NA,1,NA,1,1,1,1,NA,1,1,1,1,1,1,1,1,NA,1,NA,1,1,1,NA,NA,1,1,1,1,NA,NA,NA,NA,NA,NA,1,1,NA,NA,NA,1,NA,1,NA,NA,1,1,1,NA
"40","Cluster4",1,1,NA,1,1,1,1,1,1,NA,NA,1,NA,NA,1,1,1,1,NA,1,NA,1,1,1,NA,1,1,1,1,NA,NA,1,NA,1,1,1,NA,1,1,1,NA,NA,NA,NA,NA,1,1,NA,1,1,NA,1,NA,NA,1,1,NA,1,NA,NA,1,NA
"41","Cluster8",1,1,1,1,1,1,1,1,1,1,1,1,NA,NA,1,1,1,1,1,1,NA,1,1,1,1,1,1,1,1,1,1,1,1,1,1,1,1,1,NA,1,1,1,1,1,1,1,1,1,1,1,1,1,NA,NA,1,1,1,1,1,1,1,NA
"42","Cluster24",1,1,1,1,1,1,1,1,NA,1,NA,1,NA,NA,1,1,1,1,1,1,1,1,1,1,1,1,1,1,1,1,1,1,1,1,1,1,1,1,1,1,1,1,1,1,1,1,1,1,1,1,1,1,1,1,1,1,NA,1,1,1,1,1
"43","Cluster230",1,1,1,NA,1,1,1,1,1,NA,1,1,1,NA,NA,1,NA,1,1,1,1,1,1,1,1,1,1,NA,1,1,1,NA,1,NA,NA,NA,1,1,1,NA,NA,1,1,1,NA,NA,NA,1,1,1,NA,1,1,1,1,1,1,1,1,1,1,1
"44","Cluster421",1,NA,NA,NA,NA,NA,1,NA,NA,NA,1,1,NA,NA,NA,NA,NA,NA,NA,NA,NA,NA,NA,NA,NA,NA,NA,NA,NA,NA,NA,NA,NA,NA,NA,1,NA,1,NA,NA,1,NA,NA,NA,NA,NA,NA,NA,1,NA,1,1,NA,NA,1,NA,NA,1,NA,NA,NA,NA
"45","Cluster440",1,1,1,1,1,1,1,1,1,1,1,1,1,NA,1,1,1,1,1,1,1,1,1,1,1,1,1,1,1,1,1,1,1,1,1,1,1,1,1,1,1,1,1,1,1,1,1,1,1,1,1,1,1,1,1,1,1,1,1,1,1,1
"46","Cluster505",1,NA,NA,1,NA,NA,NA,NA,NA,NA,NA,NA,NA,NA,NA,NA,NA,NA,NA,1,NA,NA,NA,NA,NA,1,NA,NA,NA,NA,NA,NA,NA,NA,NA,NA,NA,NA,NA,NA,NA,NA,NA,NA,NA,NA,1,NA,NA,NA,NA,NA,NA,NA,1,NA,NA,NA,NA,NA,NA,NA
"47","Cluster44",1,1,1,1,1,1,1,1,1,1,NA,1,NA,NA,1,1,1,1,1,1,1,1,1,1,1,1,1,1,1,1,1,1,1,1,1,1,1,1,1,1,1,1,1,NA,1,1,1,1,1,1,1,1,1,1,1,1,NA,1,1,1,1,1
"48","Cluster105",1,1,1,1,NA,1,NA,1,1,1,NA,1,NA,NA,1,1,1,1,NA,NA,1,1,NA,1,NA,1,1,NA,NA,NA,NA,NA,1,1,NA,NA,1,NA,1,1,1,1,NA,NA,1,1,1,NA,1,1,NA,NA,1,1,NA,1,NA,1,1,1,1,1
"49","Cluster408",1,1,1,1,1,1,1,1,1,1,1,1,NA,NA,1,1,1,1,1,1,1,1,1,1,1,1,1,1,1,1,1,1,1,1,1,1,1,1,1,1,1,1,1,1,1,1,1,1,1,1,1,1,1,1,1,1,1,1,1,1,1,1
"50","Cluster494",1,1,1,1,1,1,1,1,1,NA,NA,1,NA,NA,1,1,1,1,NA,1,1,1,1,1,1,1,1,1,1,NA,NA,1,1,1,1,1,1,1,1,1,1,NA,NA,1,NA,1,1,NA,NA,1,NA,1,NA,1,1,1,1,1,1,1,1,NA
"51","Cluster366",1,1,1,1,1,1,1,1,1,1,1,NA,NA,NA,1,1,1,1,1,1,1,1,1,1,1,1,1,1,1,1,1,1,1,1,1,1,1,1,1,1,1,1,1,1,1,1,1,1,1,1,1,1,1,1,1,1,1,NA,1,1,1,1
"52","Cluster391",1,NA,NA,NA,NA,NA,NA,NA,NA,NA,NA,NA,1,NA,NA,NA,NA,NA,NA,NA,NA,NA,NA,1,NA,NA,NA,NA,NA,NA,NA,NA,NA,NA,NA,NA,NA,NA,NA,NA,NA,NA,NA,NA,NA,NA,NA,NA,NA,NA,NA,NA,NA,NA,NA,NA,NA,NA,NA,NA,NA,NA
"53","Cluster454",1,NA,NA,1,NA,1,NA,NA,NA,1,1,1,NA,NA,NA,NA,NA,1,NA,NA,NA,NA,NA,NA,1,NA,NA,NA,1,1,NA,NA,NA,1,NA,NA,1,1,NA,1,NA,1,NA,NA,NA,NA,NA,1,1,1,NA,NA,1,1,1,NA,1,1,1,1,NA,1
"54","Cluster156",1,NA,1,NA,1,1,1,NA,1,NA,NA,NA,NA,NA,NA,1,NA,NA,NA,1,NA,NA,1,1,NA,NA,NA,NA,NA,NA,NA,NA,NA,NA,NA,1,1,NA,NA,NA,NA,NA,NA,NA,NA,NA,NA,NA,NA,NA,NA,NA,NA,NA,NA,NA,1,NA,NA,1,NA,NA
"55","Cluster148",1,NA,1,NA,1,NA,NA,1,NA,NA,1,1,NA,NA,1,1,1,1,1,1,1,NA,1,1,1,1,1,1,1,1,1,NA,1,1,1,1,1,1,1,1,NA,1,1,1,NA,NA,1,1,NA,1,NA,1,1,1,1,1,1,1,1,1,1,1
"56","Cluster228",1,1,1,NA,NA,1,1,1,1,1,1,1,NA,NA,1,1,1,1,NA,NA,NA,NA,NA,NA,NA,NA,NA,NA,NA,NA,NA,NA,NA,NA,NA,NA,NA,1,NA,NA,1,1,NA,NA,NA,NA,NA,NA,NA,NA,NA,NA,NA,NA,NA,NA,NA,1,NA,NA,NA,NA
"57","Cluster184",1,1,NA,1,1,1,1,1,NA,NA,NA,1,NA,1,1,1,1,1,NA,1,NA,1,1,1,NA,1,1,1,1,NA,NA,NA,NA,1,1,1,NA,1,1,1,NA,NA,NA,1,NA,NA,1,NA,1,1,NA,1,NA,NA,1,1,NA,NA,NA,NA,1,NA
"58","Cluster255",1,NA,NA,NA,NA,NA,NA,NA,NA,NA,NA,NA,NA,NA,1,NA,1,NA,NA,1,NA,NA,1,NA,NA,NA,NA,NA,NA,NA,1,1,NA,NA,NA,NA,NA,NA,NA,NA,NA,NA,NA,NA,NA,NA,NA,NA,NA,NA,NA,NA,NA,NA,NA,1,NA,NA,NA,NA,NA,NA
"59","Cluster352",1,1,1,1,1,1,1,1,1,1,1,1,NA,NA,1,1,1,1,1,1,1,1,1,1,1,1,1,1,1,1,1,1,1,1,1,1,1,1,1,1,1,1,1,1,1,1,1,1,1,1,1,1,1,1,1,1,1,1,1,1,1,1
"60","Cluster254",1,NA,NA,1,1,NA,NA,NA,NA,NA,NA,1,NA,NA,NA,1,1,1,NA,1,1,1,1,NA,1,1,1,NA,1,1,1,NA,1,NA,NA,NA,1,1,1,NA,NA,1,1,1,1,NA,NA,NA,1,1,1,NA,NA,1,1,1,1,1,1,1,NA,1
"61","Cluster418",1,NA,1,1,NA,1,NA,NA,NA,NA,NA,1,NA,NA,NA,1,NA,1,NA,1,NA,NA,NA,NA,1,1,NA,NA,1,1,1,NA,1,1,NA,NA,1,1,1,NA,NA,1,1,1,NA,NA,1,NA,NA,1,NA,1,NA,NA,NA,1,NA,1,1,NA,NA,1
"62","Cluster476",1,1,1,1,1,1,1,1,1,1,1,1,NA,NA,1,1,1,1,1,1,1,1,1,1,1,1,1,1,1,1,1,1,1,1,1,1,1,1,1,1,1,1,1,1,1,1,1,1,1,1,1,1,1,1,1,1,1,1,1,1,1,1
"63","Cluster180",1,1,1,1,1,1,1,1,NA,1,1,1,1,NA,1,1,1,1,1,1,1,1,1,1,1,NA,1,1,1,1,1,1,1,1,1,1,1,1,1,1,1,1,1,1,1,1,1,1,NA,1,1,1,1,1,1,1,1,1,1,NA,1,1
"64","Cluster417",1,NA,NA,1,1,1,1,1,NA,NA,1,1,NA,NA,NA,1,1,1,1,1,1,1,1,NA,1,1,NA,1,1,1,1,1,1,1,1,NA,1,1,1,1,NA,1,1,1,NA,NA,1,1,NA,1,NA,1,1,1,1,1,1,1,1,1,NA,1
"65","Cluster486",1,1,1,1,1,1,1,1,1,1,1,1,NA,NA,1,1,1,1,1,1,1,1,1,1,1,1,1,1,1,NA,1,1,1,NA,1,1,1,1,NA,1,1,NA,1,1,1,1,NA,1,1,NA,1,1,1,1,1,1,1,1,1,1,1,1
"66","Cluster478",1,NA,1,1,1,1,1,1,1,1,1,1,1,NA,1,1,NA,1,NA,NA,NA,NA,NA,NA,NA,NA,1,NA,1,NA,NA,1,NA,1,1,1,NA,1,NA,NA,NA,NA,NA,NA,NA,NA,NA,NA,NA,NA,NA,NA,NA,NA,NA,NA,NA,NA,NA,NA,NA,NA
"67","Cluster201",1,NA,1,1,1,NA,NA,1,NA,NA,NA,NA,NA,NA,1,NA,1,NA,NA,1,NA,1,NA,NA,NA,NA,NA,1,NA,NA,NA,1,NA,NA,NA,NA,NA,NA,NA,NA,1,NA,NA,NA,1,NA,NA,NA,1,NA,NA,NA,NA,NA,NA,1,1,1,NA,NA,NA,NA
"68","Cluster415",1,1,1,1,1,1,1,1,1,1,1,1,NA,NA,1,1,1,1,1,1,1,1,1,1,1,1,1,1,1,1,1,1,1,1,1,1,1,1,1,1,1,1,1,1,1,1,1,1,1,1,1,1,1,1,1,1,1,1,1,1,1,1
"69","Cluster125",1,1,1,1,1,1,NA,1,1,1,1,1,NA,NA,1,1,1,1,NA,NA,NA,NA,NA,NA,NA,NA,NA,NA,NA,NA,NA,NA,NA,NA,NA,NA,NA,NA,NA,NA,NA,NA,NA,NA,NA,NA,NA,NA,NA,NA,NA,NA,NA,NA,NA,NA,NA,NA,NA,NA,NA,NA
"70","Cluster378",1,NA,1,1,1,1,1,NA,1,1,NA,1,1,NA,1,NA,1,1,NA,NA,NA,NA,NA,NA,NA,NA,1,NA,NA,NA,NA,NA,NA,NA,NA,NA,NA,1,NA,NA,1,1,NA,NA,1,NA,1,NA,NA,NA,1,NA,NA,NA,1,1,NA,1,NA,NA,NA,NA
"71","Cluster354",1,1,1,1,NA,1,1,1,1,1,1,1,NA,1,1,1,1,1,1,1,1,1,1,1,1,1,1,1,1,1,1,1,1,NA,1,NA,1,1,1,1,1,1,1,1,1,1,1,1,1,1,1,1,1,1,1,NA,1,1,1,1,NA,NA
"72","Cluster503",1,1,1,1,1,1,1,1,1,1,1,1,NA,NA,1,1,1,1,NA,NA,NA,NA,NA,NA,NA,NA,NA,NA,NA,NA,NA,NA,NA,NA,NA,NA,NA,NA,NA,NA,NA,NA,NA,NA,NA,NA,NA,NA,NA,NA,NA,NA,NA,NA,NA,NA,NA,NA,NA,NA,NA,NA
"73","Cluster147",1,1,1,NA,NA,1,1,1,NA,1,1,NA,NA,NA,1,1,1,1,1,1,1,NA,NA,NA,1,NA,1,1,1,1,1,1,1,NA,1,1,NA,1,1,1,1,1,1,1,NA,1,1,1,1,NA,1,1,1,1,1,1,1,1,1,1,NA,NA
"74","Cluster210",1,NA,1,1,NA,NA,1,NA,NA,1,NA,1,NA,NA,1,1,1,1,NA,1,NA,NA,NA,NA,NA,NA,NA,NA,NA,NA,NA,NA,NA,NA,NA,NA,NA,NA,NA,NA,NA,NA,NA,NA,NA,NA,NA,NA,NA,NA,NA,NA,NA,NA,NA,NA,NA,NA,NA,NA,NA,NA
"75","Cluster107",1,1,1,1,NA,1,1,1,1,1,1,1,NA,NA,1,1,1,1,NA,1,NA,1,1,1,NA,NA,1,1,1,NA,NA,NA,NA,NA,1,NA,NA,1,1,1,1,1,1,NA,NA,NA,1,NA,1,NA,1,1,NA,1,1,1,1,1,1,1,NA,1
"76","Cluster243",1,1,1,1,1,1,1,1,NA,1,1,1,1,NA,1,1,1,1,1,1,1,NA,1,1,1,1,1,1,1,1,1,1,1,1,1,NA,1,1,1,1,1,1,1,1,1,NA,NA,1,1,1,1,1,1,1,1,1,1,1,1,1,1,1
"77","Cluster79",1,NA,NA,NA,NA,NA,1,NA,NA,NA,NA,NA,NA,1,1,NA,1,NA,NA,1,NA,NA,NA,NA,NA,NA,NA,NA,NA,1,NA,1,NA,NA,NA,NA,NA,NA,NA,NA,NA,NA,1,NA,NA,NA,NA,1,NA,NA,NA,NA,NA,NA,NA,NA,NA,NA,NA,NA,NA,NA
"78","Cluster396",1,NA,NA,NA,NA,1,NA,NA,NA,NA,NA,NA,1,NA,NA,NA,NA,NA,NA,NA,NA,NA,1,NA,NA,NA,1,1,1,NA,NA,NA,NA,NA,NA,1,NA,1,NA,NA,NA,1,NA,NA,NA,NA,1,1,1,NA,NA,1,1,NA,1,NA,NA,1,NA,NA,NA,1
"79","Cluster109",1,1,1,NA,NA,1,NA,1,1,1,1,1,1,NA,1,1,1,1,1,NA,1,1,NA,1,1,NA,1,1,NA,1,1,NA,1,NA,1,1,1,NA,NA,1,1,1,1,NA,1,1,NA,1,NA,1,1,NA,1,1,NA,1,NA,NA,1,1,1,1
"80","Cluster294",1,NA,1,NA,NA,1,1,1,1,1,1,1,1,NA,1,1,NA,1,NA,NA,NA,NA,NA,NA,NA,NA,NA,NA,NA,NA,NA,NA,NA,NA,NA,NA,NA,NA,NA,1,1,1,NA,NA,1,NA,NA,NA,NA,NA,NA,NA,NA,NA,NA,NA,NA,1,1,NA,NA,1
"81","Cluster268",1,1,1,1,1,1,1,1,1,1,1,1,NA,NA,1,1,1,1,1,1,1,1,1,1,1,1,1,1,1,1,1,1,1,1,1,1,1,1,1,1,1,1,1,1,1,1,1,1,1,1,1,1,1,1,1,1,1,1,1,1,1,1
"82","Cluster139",1,1,1,1,NA,1,1,1,1,NA,1,1,NA,NA,NA,1,1,1,1,1,1,NA,1,1,1,1,1,1,1,1,1,1,1,1,1,1,1,1,1,1,1,1,1,1,1,NA,1,1,1,1,1,1,1,1,1,NA,1,1,1,1,1,1
"83","Cluster154",1,1,1,1,1,1,1,1,NA,1,1,1,NA,NA,1,1,1,1,1,1,1,1,1,1,1,1,1,1,1,1,1,1,1,1,1,1,1,1,1,1,1,1,1,1,1,1,1,1,1,1,1,NA,1,1,1,1,1,1,1,1,1,1
"84","Cluster316",1,1,1,1,1,1,1,1,1,1,1,1,NA,1,1,1,1,1,1,1,1,1,1,1,1,1,1,1,1,1,1,1,1,1,1,1,1,1,1,1,1,1,1,1,1,1,1,1,1,1,1,1,1,1,1,1,1,1,1,1,1,1
"85","Cluster285",1,1,1,1,1,NA,1,1,1,1,1,1,NA,NA,1,1,1,1,NA,1,1,1,1,1,1,1,1,1,1,1,NA,1,1,1,1,1,1,NA,NA,1,1,1,NA,NA,NA,NA,1,1,1,1,1,1,1,1,1,1,1,1,1,1,1,1
"86","Cluster149",1,1,1,1,1,1,1,1,NA,1,1,1,1,1,1,1,1,1,1,1,1,NA,1,1,1,1,1,1,1,1,1,1,1,1,1,1,1,1,1,1,1,1,1,1,1,NA,1,1,1,1,1,1,1,1,1,1,1,1,1,1,1,1
"87","Cluster41",1,1,1,1,1,1,1,1,1,1,1,1,NA,1,1,1,1,1,1,1,1,1,1,1,1,1,1,1,1,1,1,1,1,1,1,1,1,1,1,1,1,1,1,1,1,1,1,1,1,1,1,1,1,1,1,1,1,1,1,1,1,1
"88","Cluster158",1,1,1,1,1,1,NA,1,NA,1,1,1,NA,NA,1,1,1,1,1,1,1,1,1,1,1,1,1,1,1,1,NA,1,1,1,1,NA,1,1,1,1,1,1,1,1,1,1,1,1,1,1,1,1,1,1,1,1,1,1,1,1,NA,1
"89","Cluster336",1,1,1,1,1,1,1,1,1,1,1,1,1,NA,1,1,1,1,1,1,1,1,1,1,1,1,1,1,1,1,1,1,1,1,1,1,1,1,1,1,1,1,1,1,1,1,1,1,1,1,1,1,1,1,1,1,1,1,1,1,1,1
"90","Cluster286",1,1,1,1,1,1,1,1,1,1,1,1,NA,NA,1,1,1,1,1,1,1,1,1,1,NA,NA,1,1,1,1,1,1,1,1,1,1,1,1,1,1,1,1,1,1,1,1,1,1,1,1,1,1,1,1,1,1,1,1,1,1,1,1
"91","Cluster481",1,1,1,1,NA,1,NA,1,NA,1,1,NA,NA,NA,NA,NA,1,NA,NA,1,NA,NA,NA,NA,NA,1,1,1,1,1,1,NA,1,NA,1,NA,1,1,1,NA,1,1,NA,1,NA,NA,1,1,NA,NA,NA,1,NA,NA,1,1,NA,1,NA,NA,1,1
"92","Cluster176",1,NA,NA,NA,1,1,1,NA,1,NA,1,1,NA,1,NA,1,1,1,NA,NA,NA,1,1,1,NA,1,1,1,1,NA,NA,1,NA,NA,1,1,NA,1,1,1,NA,NA,NA,NA,NA,NA,1,NA,1,1,1,1,NA,NA,1,1,1,1,NA,NA,1,NA
"93","Cluster172",1,1,1,1,1,1,1,1,1,1,1,1,1,NA,1,1,1,1,1,1,1,1,1,1,1,1,1,1,1,1,1,1,1,1,1,1,1,1,1,1,1,1,1,1,1,1,1,1,1,1,1,1,1,1,1,1,1,1,1,1,1,1
"94","Cluster28",1,1,1,1,1,NA,1,NA,NA,1,NA,1,NA,NA,1,NA,NA,NA,NA,1,NA,NA,1,1,NA,1,1,1,NA,NA,NA,1,NA,1,NA,1,NA,NA,NA,NA,NA,NA,NA,NA,NA,NA,1,NA,1,1,1,1,NA,NA,1,1,1,1,NA,NA,NA,NA
"95","Cluster331",1,1,1,1,1,1,1,1,1,1,1,1,1,NA,1,1,1,1,1,1,1,1,1,1,1,1,1,1,1,1,1,1,1,1,1,1,1,1,1,1,1,1,1,1,1,1,1,1,1,1,1,1,1,1,1,1,1,1,1,1,1,1
"96","Cluster453",1,1,1,1,1,1,1,1,1,1,1,1,NA,NA,1,1,1,1,1,1,1,1,1,1,1,1,1,1,1,1,1,1,1,1,1,1,1,1,1,1,1,1,1,NA,1,1,1,1,1,1,1,1,1,1,1,1,1,1,NA,1,1,1
"97","Cluster87",1,1,1,1,1,1,NA,1,1,1,NA,1,1,NA,NA,1,NA,NA,1,NA,NA,1,NA,NA,1,NA,NA,NA,NA,NA,1,NA,NA,NA,NA,1,NA,NA,NA,1,1,NA,NA,1,NA,1,NA,NA,NA,1,NA,NA,NA,NA,NA,NA,NA,NA,NA,NA,NA,NA
"98","Cluster165",1,1,1,1,1,1,1,1,1,1,1,1,1,NA,1,1,1,1,1,NA,1,1,1,1,1,1,1,1,1,1,1,1,1,1,1,1,1,1,1,1,1,1,1,1,1,1,1,1,1,1,1,1,1,1,1,1,1,1,1,1,1,1
"99","Cluster114",1,1,1,1,1,1,1,1,NA,1,1,1,NA,1,1,1,1,1,1,1,1,NA,1,1,1,NA,1,NA,NA,1,1,NA,1,NA,1,1,1,1,1,1,NA,1,1,1,NA,NA,NA,1,1,1,NA,1,1,1,1,NA,1,1,1,1,NA,1
"100","Cluster273",1,1,1,1,1,1,1,1,1,1,1,1,NA,NA,1,1,1,1,NA,NA,NA,NA,NA,NA,NA,NA,NA,NA,NA,NA,NA,NA,NA,NA,NA,NA,NA,NA,NA,NA,NA,NA,NA,1,NA,NA,NA,NA,NA,NA,NA,NA,NA,NA,NA,NA,NA,NA,NA,NA,NA,NA
"101","Cluster484",1,1,1,1,1,1,1,1,1,1,1,1,NA,NA,1,1,1,1,1,1,1,1,1,1,1,1,1,1,1,1,1,1,1,1,1,1,1,1,1,1,1,1,1,1,1,1,1,1,1,1,1,1,1,1,1,1,1,1,1,1,1,1
"102","Cluster388",1,1,1,1,1,1,1,1,1,1,1,1,NA,NA,1,1,1,1,NA,NA,NA,NA,NA,NA,NA,NA,NA,NA,NA,NA,NA,NA,NA,NA,NA,NA,NA,NA,NA,NA,NA,NA,NA,1,NA,NA,NA,NA,NA,NA,NA,NA,NA,NA,NA,NA,NA,NA,NA,NA,NA,NA
"103","Cluster80",1,NA,1,1,1,1,1,1,NA,NA,1,1,NA,NA,1,1,1,1,1,NA,1,NA,NA,NA,NA,NA,1,1,NA,NA,1,NA,1,NA,NA,NA,1,1,NA,1,1,NA,1,1,NA,NA,NA,1,NA,NA,NA,NA,1,1,1,1,1,1,1,NA,1,NA
"104","Cluster12",1,NA,NA,1,NA,NA,1,NA,1,1,NA,1,NA,NA,NA,NA,NA,NA,1,1,1,1,NA,NA,1,NA,NA,NA,NA,1,1,1,1,NA,NA,NA,1,1,NA,NA,NA,1,1,NA,1,NA,NA,1,1,NA,1,NA,1,1,NA,NA,NA,NA,1,1,NA,1
"105","Cluster191",1,1,1,1,1,1,1,1,1,1,1,1,1,NA,1,1,1,1,1,1,1,1,1,1,1,1,1,1,1,1,1,1,1,1,1,1,1,1,1,1,1,1,1,1,1,1,1,1,1,1,1,1,1,1,1,1,1,1,1,1,1,1
"106","Cluster50",1,NA,NA,1,NA,NA,NA,NA,1,NA,NA,NA,NA,NA,1,NA,NA,NA,NA,1,NA,NA,NA,NA,NA,1,1,1,1,NA,NA,1,NA,1,NA,NA,NA,1,NA,NA,NA,NA,NA,1,1,1,1,NA,NA,NA,1,NA,NA,NA,NA,1,1,NA,NA,NA,NA,NA
"107","Cluster214",1,1,NA,NA,NA,NA,NA,NA,NA,NA,NA,NA,NA,NA,NA,NA,NA,NA,1,1,1,1,1,1,1,1,1,1,1,1,1,1,1,1,1,1,1,NA,1,1,1,1,1,1,1,1,1,1,1,1,1,1,1,1,1,1,1,1,1,1,1,1
"108","Cluster281",1,1,1,1,1,1,1,1,1,1,1,1,NA,1,1,1,1,1,1,1,1,1,1,1,1,1,1,1,1,1,1,1,1,1,1,1,1,1,1,1,1,1,1,1,1,1,1,1,1,1,1,1,1,1,1,1,1,1,1,1,1,1
"109","Cluster372",1,NA,NA,1,NA,NA,NA,NA,NA,NA,NA,NA,NA,1,NA,NA,NA,NA,NA,NA,NA,NA,NA,NA,NA,NA,NA,1,NA,NA,NA,NA,NA,NA,NA,NA,NA,1,1,NA,NA,NA,NA,NA,NA,NA,NA,NA,NA,NA,NA,NA,NA,NA,NA,NA,NA,NA,NA,NA,NA,NA
"110","Cluster409",1,1,1,NA,1,1,1,1,1,NA,1,1,NA,NA,NA,1,1,1,1,1,1,NA,1,1,1,1,1,1,1,1,1,1,1,1,1,1,1,1,1,1,1,1,1,1,NA,NA,1,1,1,1,1,1,1,1,1,1,NA,1,1,1,1,1
"111","Cluster334",1,NA,NA,NA,NA,NA,NA,NA,NA,NA,NA,NA,NA,1,NA,NA,NA,NA,NA,NA,NA,NA,NA,NA,NA,NA,NA,NA,NA,NA,NA,NA,NA,NA,NA,NA,NA,NA,NA,NA,NA,NA,NA,NA,NA,NA,NA,NA,NA,NA,NA,NA,NA,NA,NA,NA,NA,NA,NA,NA,NA,NA
"112","Cluster288",1,1,1,1,1,1,1,1,1,1,NA,1,1,NA,1,NA,1,NA,NA,1,NA,1,1,1,NA,NA,1,1,NA,NA,NA,1,NA,1,NA,1,NA,NA,NA,1,1,NA,NA,NA,1,1,1,NA,1,1,1,NA,NA,1,NA,1,NA,1,1,1,1,NA
"113","Cluster92",1,1,1,1,1,NA,1,1,1,1,1,1,NA,NA,1,1,1,1,1,1,1,1,1,1,1,1,1,1,1,NA,1,1,1,1,1,1,1,1,NA,1,1,NA,1,1,1,1,NA,NA,1,1,NA,NA,NA,1,1,1,1,1,1,1,1,1
"114","Cluster382",1,1,1,1,1,1,1,1,1,1,1,1,NA,1,1,1,1,1,1,1,1,1,1,1,1,1,1,1,1,1,1,1,1,1,1,1,1,1,1,1,1,1,1,1,1,1,1,1,1,1,1,1,1,1,1,1,1,1,1,1,1,1
"115","Cluster411",1,1,1,1,1,1,1,1,1,1,1,1,NA,1,1,1,1,1,NA,1,NA,1,1,1,NA,1,1,1,1,NA,NA,1,NA,1,1,1,NA,1,1,1,1,NA,NA,1,1,1,1,NA,1,1,1,1,NA,1,NA,1,1,1,1,1,1,1
"116","Cluster361",1,NA,NA,NA,NA,1,NA,1,NA,NA,NA,NA,NA,NA,NA,NA,NA,1,NA,NA,NA,NA,NA,NA,1,NA,NA,NA,NA,1,NA,NA,1,NA,NA,NA,1,NA,1,NA,NA,NA,NA,NA,NA,NA,NA,NA,NA,NA,NA,NA,1,NA,NA,NA,NA,NA,NA,NA,NA,1
"117","Cluster189",1,1,1,1,1,1,1,1,NA,1,NA,1,1,NA,1,1,1,1,1,1,1,1,1,NA,1,1,1,1,NA,1,1,1,1,1,1,1,1,NA,NA,NA,1,1,1,1,NA,1,1,1,1,1,NA,1,1,1,1,1,1,1,1,1,NA,1
"118","Cluster369",1,NA,NA,NA,NA,NA,NA,1,NA,1,1,1,1,NA,1,1,NA,1,NA,1,NA,NA,NA,NA,1,1,NA,NA,1,1,NA,NA,NA,NA,NA,NA,1,1,1,NA,NA,1,NA,NA,NA,NA,NA,1,NA,1,NA,1,1,1,1,NA,1,1,1,1,NA,1
"119","Cluster257",1,1,1,1,1,1,1,1,1,1,1,1,1,NA,1,1,1,1,1,1,1,1,1,1,1,1,1,1,1,1,1,1,1,1,1,1,1,1,1,1,1,1,1,1,1,1,1,1,1,1,1,1,1,1,1,1,1,1,1,1,1,1
"120","Cluster62",1,1,1,1,1,1,1,1,1,1,1,1,1,NA,1,1,1,1,1,1,1,1,NA,1,1,1,1,1,1,1,1,1,1,1,1,1,1,1,1,1,1,1,1,NA,1,NA,1,1,1,1,1,1,1,1,1,1,1,1,1,NA,1,1
"121","Cluster110",1,1,NA,1,1,NA,1,1,1,1,1,1,1,1,NA,NA,1,1,NA,NA,NA,1,1,NA,NA,NA,1,1,1,NA,NA,1,NA,1,1,1,NA,1,NA,1,NA,NA,NA,NA,NA,1,1,1,NA,1,NA,NA,NA,1,NA,NA,NA,1,1,NA,1,1
"122","Cluster337",1,1,1,1,NA,1,1,1,1,1,1,1,NA,1,1,1,1,1,NA,NA,NA,NA,NA,NA,NA,NA,NA,NA,NA,NA,NA,NA,NA,NA,NA,NA,NA,NA,NA,NA,NA,NA,NA,NA,NA,NA,NA,NA,NA,NA,NA,NA,NA,NA,NA,NA,NA,NA,NA,NA,NA,NA
"123","Cluster103",1,1,1,1,1,1,1,1,1,1,1,1,1,1,1,1,1,1,1,1,1,1,1,1,1,1,1,1,1,1,1,1,1,1,1,1,1,1,1,1,1,1,1,NA,1,1,1,1,1,1,1,1,1,1,1,1,1,1,1,1,1,1
"124","Cluster98",1,1,1,1,NA,1,1,1,NA,1,1,1,NA,NA,1,1,1,1,NA,1,NA,1,NA,1,NA,1,1,NA,NA,NA,NA,1,NA,NA,1,NA,NA,1,1,1,1,NA,NA,NA,NA,1,NA,NA,NA,1,NA,1,NA,NA,1,1,1,NA,NA,1,1,NA
"125","Cluster199",1,1,1,1,1,1,1,1,1,1,1,1,NA,1,1,1,1,1,1,1,1,1,1,1,1,1,1,1,1,1,1,1,1,1,1,1,1,1,1,1,1,1,1,1,1,1,1,1,1,1,1,1,1,1,1,1,1,1,1,1,1,1
"126","Cluster493",1,1,1,NA,NA,NA,NA,NA,NA,1,NA,NA,1,NA,1,NA,NA,NA,1,NA,1,NA,1,1,NA,NA,NA,NA,1,NA,1,1,NA,1,1,NA,NA,1,NA,1,NA,NA,1,1,1,1,NA,NA,NA,NA,NA,NA,NA,NA,NA,NA,NA,NA,NA,1,NA,NA
"127","Cluster353",1,NA,NA,NA,1,1,1,1,NA,NA,1,NA,1,NA,NA,1,1,1,NA,1,NA,NA,NA,1,1,NA,NA,1,1,1,NA,NA,1,1,NA,1,1,1,1,1,1,1,NA,NA,NA,NA,NA,1,1,1,1,1,1,1,1,1,NA,1,1,1,1,1
"128","Cluster386",1,NA,1,NA,1,1,NA,1,1,NA,1,1,1,1,NA,1,1,1,NA,NA,1,NA,1,1,1,NA,NA,NA,1,NA,NA,NA,1,NA,1,NA,1,NA,NA,NA,1,1,1,NA,NA,NA,NA,1,NA,1,NA,NA,1,1,NA,NA,NA,1,1,1,NA,1
"129","Cluster330",1,NA,NA,NA,NA,NA,NA,NA,NA,NA,NA,NA,NA,NA,1,NA,1,NA,NA,1,NA,NA,NA,NA,NA,NA,NA,NA,NA,NA,NA,1,NA,NA,NA,NA,NA,NA,NA,NA,NA,1,NA,NA,NA,NA,NA,1,NA,NA,NA,NA,1,1,NA,NA,NA,NA,NA,NA,NA,1
"130","Cluster343",1,1,1,1,1,1,1,1,1,NA,1,1,NA,1,NA,1,1,1,1,1,1,1,1,1,1,1,1,1,1,1,1,1,1,1,1,1,1,1,1,1,1,1,1,NA,NA,1,1,1,1,1,1,1,1,1,1,1,1,1,1,1,1,1
"131","Cluster275",1,1,1,1,1,1,1,1,1,1,1,1,1,NA,NA,1,1,1,1,1,1,1,1,1,1,1,1,1,1,1,1,1,1,1,1,1,1,1,1,1,1,1,1,1,1,1,1,1,1,1,1,1,1,1,1,1,1,1,1,1,1,1
"132","Cluster70",1,1,1,1,1,NA,1,1,NA,NA,1,1,1,1,1,NA,NA,1,1,1,1,NA,NA,1,1,1,NA,NA,1,1,1,1,1,NA,NA,1,1,1,1,NA,1,1,1,1,NA,NA,NA,NA,NA,NA,NA,NA,NA,1,1,1,NA,NA,1,NA,NA,1
"133","Cluster306",1,NA,1,NA,NA,NA,NA,NA,NA,NA,1,1,NA,1,1,NA,NA,NA,NA,NA,NA,NA,NA,NA,NA,NA,NA,NA,NA,NA,NA,NA,NA,NA,NA,NA,NA,NA,NA,NA,NA,NA,NA,1,NA,NA,NA,1,NA,NA,NA,NA,NA,NA,NA,NA,NA,NA,NA,NA,NA,NA
"134","Cluster240",1,NA,1,NA,1,NA,NA,NA,NA,NA,1,1,NA,1,NA,1,1,NA,NA,NA,NA,NA,NA,1,NA,1,1,NA,NA,NA,NA,NA,NA,NA,1,1,NA,1,NA,1,NA,NA,NA,1,NA,NA,NA,NA,NA,NA,NA,1,NA,NA,1,NA,NA,NA,NA,NA,NA,NA
"135","Cluster277",1,1,1,1,NA,1,1,1,1,NA,NA,1,1,NA,1,1,1,1,NA,1,NA,1,1,1,NA,1,1,1,1,NA,NA,1,NA,1,1,1,NA,1,1,1,1,NA,NA,1,1,1,1,NA,1,1,1,1,NA,NA,1,1,NA,1,NA,1,1,NA
"136","Cluster91",1,1,1,1,1,1,1,1,1,1,1,1,1,1,1,1,1,1,NA,1,NA,1,1,1,NA,1,1,1,1,NA,NA,1,NA,NA,1,1,NA,1,1,1,1,NA,NA,1,1,1,1,NA,1,1,1,1,NA,NA,1,1,1,1,NA,1,1,NA
"137","Cluster375",1,1,1,1,1,1,1,1,1,1,1,1,NA,NA,1,1,1,1,NA,NA,NA,1,NA,NA,NA,NA,NA,NA,NA,NA,NA,1,NA,NA,1,1,NA,NA,NA,1,NA,1,NA,1,1,1,NA,NA,1,NA,1,NA,NA,NA,NA,1,1,NA,NA,NA,1,NA
"138","Cluster307",1,1,1,NA,1,NA,NA,1,NA,NA,1,1,NA,1,NA,1,1,NA,NA,NA,NA,NA,NA,1,NA,NA,1,NA,NA,NA,NA,NA,NA,NA,NA,NA,NA,NA,NA,NA,NA,NA,NA,NA,NA,NA,NA,NA,NA,NA,NA,NA,NA,NA,1,NA,1,NA,NA,1,1,NA
"139","Cluster206",1,NA,NA,NA,NA,NA,1,1,NA,NA,1,1,1,1,1,1,1,NA,NA,NA,NA,NA,NA,NA,NA,NA,NA,NA,NA,NA,NA,NA,NA,NA,NA,NA,NA,NA,NA,NA,NA,NA,NA,NA,NA,NA,NA,NA,NA,NA,NA,NA,NA,NA,NA,NA,NA,NA,NA,NA,NA,NA
"140","Cluster43",NA,1,NA,NA,NA,NA,NA,NA,NA,NA,NA,1,NA,NA,NA,NA,NA,NA,NA,NA,NA,NA,NA,NA,NA,NA,NA,NA,NA,NA,NA,NA,NA,NA,NA,NA,NA,NA,NA,NA,NA,NA,NA,1,NA,NA,NA,NA,NA,NA,NA,NA,NA,NA,NA,NA,NA,NA,NA,NA,NA,NA
"141","Cluster384",NA,1,NA,NA,1,NA,NA,1,NA,NA,NA,NA,NA,NA,NA,1,NA,NA,NA,NA,NA,NA,NA,NA,NA,NA,NA,NA,NA,NA,NA,NA,NA,NA,NA,NA,NA,NA,NA,NA,NA,NA,NA,NA,NA,NA,NA,NA,NA,NA,NA,NA,NA,NA,NA,NA,NA,NA,NA,NA,NA,NA
"142","Cluster30",NA,1,NA,NA,NA,NA,NA,1,NA,NA,1,NA,NA,NA,NA,1,NA,NA,1,NA,NA,NA,NA,NA,NA,NA,NA,NA,NA,NA,1,1,NA,NA,NA,NA,NA,NA,1,NA,NA,NA,1,1,NA,NA,NA,NA,NA,NA,NA,NA,NA,NA,NA,NA,NA,NA,NA,NA,NA,NA
"143","Cluster112",NA,1,1,NA,1,1,1,1,NA,1,NA,NA,NA,NA,1,1,1,1,1,NA,1,NA,NA,1,1,NA,1,NA,NA,1,1,NA,1,NA,NA,NA,NA,NA,NA,1,NA,1,1,NA,NA,NA,NA,1,1,1,NA,NA,1,1,NA,NA,1,1,1,1,NA,1
"144","Cluster48",NA,1,NA,NA,NA,NA,NA,NA,1,NA,NA,NA,1,NA,NA,NA,1,NA,NA,NA,NA,1,NA,NA,NA,NA,NA,NA,NA,NA,NA,NA,NA,NA,NA,NA,NA,NA,NA,1,1,NA,NA,NA,NA,NA,NA,NA,1,1,NA,NA,NA,NA,NA,NA,NA,NA,NA,1,1,NA
"145","Cluster197",NA,1,1,1,1,NA,NA,1,NA,NA,NA,1,NA,NA,NA,1,1,1,1,1,1,NA,NA,1,1,NA,1,1,1,1,1,NA,1,NA,1,NA,1,1,1,1,1,1,1,NA,NA,NA,1,1,NA,NA,NA,NA,1,1,1,1,NA,1,1,1,1,1
"146","Cluster365",NA,1,NA,NA,NA,NA,NA,1,NA,NA,NA,NA,NA,NA,NA,1,NA,NA,1,1,1,1,1,1,1,NA,NA,1,1,1,1,1,1,1,1,1,1,NA,1,1,NA,NA,1,1,NA,1,1,1,1,1,NA,1,1,1,NA,NA,1,NA,1,1,1,1
"147","Cluster270",NA,1,1,1,NA,NA,NA,NA,NA,NA,NA,NA,NA,NA,NA,NA,NA,1,NA,NA,NA,NA,NA,NA,NA,NA,NA,NA,NA,NA,NA,NA,NA,NA,NA,NA,NA,NA,NA,NA,NA,NA,NA,NA,NA,NA,NA,NA,NA,NA,NA,NA,NA,NA,NA,NA,NA,NA,NA,NA,NA,NA
"148","Cluster340",NA,1,1,1,NA,NA,NA,NA,NA,1,NA,1,NA,NA,NA,NA,NA,NA,NA,1,NA,1,NA,NA,NA,NA,NA,NA,1,NA,NA,1,NA,1,1,1,NA,NA,1,1,1,NA,NA,NA,1,1,1,NA,1,NA,1,NA,NA,NA,NA,NA,NA,NA,NA,1,1,NA
"149","Cluster134",NA,1,NA,NA,NA,NA,NA,NA,NA,NA,1,NA,NA,NA,NA,NA,NA,NA,NA,NA,NA,1,NA,NA,NA,NA,NA,NA,NA,NA,NA,NA,NA,NA,NA,NA,NA,NA,NA,NA,NA,NA,NA,NA,NA,1,NA,NA,NA,NA,NA,NA,NA,NA,NA,NA,NA,NA,NA,NA,NA,NA
"150","Cluster100",NA,1,1,NA,NA,NA,NA,NA,1,1,NA,NA,1,NA,NA,NA,NA,NA,NA,NA,NA,1,NA,NA,NA,NA,NA,1,1,NA,NA,NA,NA,NA,NA,NA,NA,1,NA,1,1,NA,NA,NA,1,1,1,NA,NA,NA,1,NA,NA,NA,NA,NA,NA,NA,NA,NA,NA,NA
"151","Cluster85",NA,1,NA,NA,NA,NA,NA,NA,NA,NA,NA,NA,NA,NA,NA,NA,NA,NA,1,NA,1,NA,NA,NA,1,NA,NA,1,1,1,1,NA,1,NA,NA,NA,1,NA,NA,NA,NA,1,1,NA,NA,NA,NA,1,NA,1,NA,NA,1,1,NA,NA,NA,NA,1,NA,NA,1
"152","Cluster424",NA,1,NA,NA,NA,NA,NA,1,NA,NA,NA,NA,NA,NA,NA,NA,NA,NA,NA,NA,NA,NA,NA,NA,NA,NA,NA,NA,NA,NA,NA,NA,NA,NA,NA,NA,NA,NA,NA,NA,NA,NA,NA,NA,NA,NA,NA,NA,NA,NA,NA,NA,NA,NA,NA,NA,NA,NA,NA,NA,1,NA
"153","Cluster106",NA,1,1,1,NA,1,1,NA,1,1,1,NA,NA,NA,1,1,1,1,NA,NA,NA,NA,NA,NA,NA,NA,1,NA,NA,NA,NA,1,NA,NA,NA,NA,NA,NA,NA,1,NA,NA,NA,NA,NA,NA,NA,NA,NA,1,NA,NA,NA,NA,NA,NA,NA,1,NA,1,NA,NA
"154","Cluster124",NA,1,NA,NA,NA,NA,NA,NA,1,1,NA,1,1,NA,1,NA,NA,NA,NA,NA,NA,NA,NA,1,NA,NA,NA,NA,NA,NA,NA,NA,NA,NA,NA,NA,NA,NA,NA,1,1,NA,NA,NA,NA,NA,NA,NA,1,NA,NA,NA,NA,NA,NA,NA,NA,NA,NA,NA,NA,NA
"155","Cluster182",NA,1,1,NA,1,NA,NA,NA,1,1,NA,NA,NA,NA,1,NA,NA,NA,NA,NA,NA,1,NA,NA,NA,NA,NA,NA,NA,NA,NA,NA,NA,NA,NA,NA,NA,NA,NA,NA,NA,NA,NA,NA,NA,NA,NA,NA,NA,NA,NA,NA,NA,NA,NA,1,NA,NA,NA,NA,NA,NA
"156","Cluster208",NA,1,NA,NA,NA,1,NA,1,NA,NA,1,NA,NA,NA,NA,NA,NA,NA,1,NA,1,1,1,1,1,1,1,1,1,1,1,1,1,1,1,1,1,1,1,1,1,1,1,1,1,1,1,1,1,1,1,1,1,1,1,1,1,1,1,1,1,1
"157","Cluster193",NA,1,NA,1,NA,NA,NA,1,NA,NA,NA,1,1,NA,1,1,NA,1,NA,NA,NA,NA,NA,NA,NA,NA,NA,NA,NA,NA,NA,NA,NA,NA,1,NA,NA,NA,NA,NA,NA,NA,NA,NA,NA,NA,NA,NA,NA,NA,NA,NA,NA,NA,NA,NA,NA,NA,NA,NA,NA,NA
"158","Cluster167",NA,1,1,1,NA,1,1,1,NA,NA,NA,1,1,NA,NA,1,1,NA,1,1,NA,NA,1,NA,1,NA,1,1,NA,1,1,1,1,1,1,1,1,NA,NA,NA,1,1,1,NA,NA,NA,1,1,NA,1,NA,1,1,NA,1,NA,NA,NA,NA,NA,1,1
"159","Cluster178",NA,1,NA,1,NA,NA,NA,NA,NA,NA,NA,1,NA,NA,NA,NA,NA,1,1,1,1,NA,NA,NA,1,1,1,NA,NA,1,1,NA,1,NA,NA,NA,1,1,1,1,NA,1,1,NA,NA,NA,1,1,1,1,1,NA,1,1,NA,1,NA,1,1,NA,1,1
"160","Cluster477",NA,1,NA,NA,1,1,NA,1,NA,NA,1,NA,NA,NA,NA,1,NA,NA,NA,NA,NA,NA,NA,NA,NA,NA,1,NA,NA,NA,NA,NA,NA,NA,NA,NA,NA,NA,NA,NA,1,NA,NA,NA,NA,NA,NA,NA,NA,1,NA,NA,NA,1,NA,NA,NA,NA,1,NA,NA,1
"161","Cluster188",NA,1,NA,NA,NA,1,NA,NA,NA,NA,1,NA,NA,1,NA,NA,NA,NA,NA,NA,NA,NA,NA,NA,NA,NA,NA,NA,NA,NA,NA,NA,NA,1,NA,NA,NA,NA,NA,NA,NA,NA,NA,NA,NA,NA,NA,NA,NA,NA,NA,NA,NA,NA,1,NA,NA,NA,NA,NA,NA,NA
"162","Cluster179",NA,1,NA,1,NA,NA,NA,1,NA,1,1,1,NA,NA,NA,NA,NA,1,1,NA,1,1,NA,1,NA,1,1,1,NA,1,1,NA,1,1,1,NA,1,1,1,1,1,1,1,1,NA,NA,1,1,1,1,1,1,1,1,NA,1,NA,1,1,NA,1,1
"163","Cluster395",NA,1,1,1,1,NA,1,1,NA,1,1,1,NA,NA,1,1,1,1,1,1,1,1,NA,1,1,1,NA,NA,NA,1,1,1,1,1,1,NA,1,NA,1,1,1,1,1,1,NA,1,NA,1,NA,1,NA,NA,NA,1,NA,1,1,NA,1,1,1,1
"164","Cluster289",NA,1,NA,NA,NA,NA,1,NA,NA,1,NA,1,1,NA,NA,NA,NA,NA,NA,NA,NA,NA,NA,NA,NA,NA,NA,NA,NA,NA,NA,1,NA,NA,NA,NA,NA,NA,1,NA,NA,NA,NA,NA,1,NA,NA,NA,NA,NA,NA,NA,NA,NA,NA,NA,NA,NA,NA,NA,1,NA
"165","Cluster264",NA,1,1,1,1,1,NA,1,1,NA,NA,1,NA,NA,1,1,NA,1,1,NA,1,NA,1,NA,1,NA,NA,1,1,1,1,NA,1,NA,1,NA,1,1,NA,1,1,1,1,1,1,NA,1,1,NA,1,1,NA,1,1,NA,1,1,1,1,1,NA,1
"166","Cluster271",NA,1,NA,NA,1,NA,1,NA,NA,1,NA,NA,NA,NA,NA,1,NA,NA,1,NA,1,NA,NA,NA,1,NA,NA,NA,NA,1,1,NA,1,NA,NA,NA,1,NA,NA,NA,NA,1,1,NA,NA,NA,NA,1,NA,NA,NA,NA,1,1,NA,NA,NA,NA,1,NA,NA,1
"167","Cluster142",NA,NA,1,NA,NA,NA,NA,NA,NA,NA,NA,NA,NA,NA,NA,NA,NA,NA,NA,NA,NA,NA,NA,NA,NA,NA,NA,NA,NA,NA,NA,NA,NA,NA,NA,NA,NA,NA,NA,NA,NA,NA,NA,NA,NA,NA,NA,NA,NA,NA,NA,NA,NA,NA,NA,1,NA,NA,NA,NA,NA,NA
"168","Cluster405",NA,NA,1,NA,NA,NA,NA,NA,NA,1,NA,NA,NA,NA,NA,NA,NA,NA,NA,NA,NA,NA,NA,NA,NA,NA,NA,NA,NA,NA,NA,NA,NA,NA,NA,NA,NA,NA,NA,NA,NA,NA,NA,NA,NA,NA,NA,NA,NA,NA,NA,NA,NA,NA,NA,NA,NA,NA,NA,NA,NA,NA
"169","Cluster422",NA,NA,1,NA,NA,NA,NA,1,NA,NA,NA,NA,NA,NA,NA,1,NA,NA,NA,NA,NA,NA,NA,NA,NA,NA,NA,NA,NA,NA,NA,NA,NA,NA,NA,NA,NA,NA,NA,NA,NA,NA,NA,NA,NA,NA,NA,NA,NA,NA,NA,NA,NA,NA,NA,NA,NA,NA,NA,NA,NA,NA
"170","Cluster121",NA,NA,1,NA,NA,NA,1,NA,NA,NA,NA,NA,NA,NA,1,NA,NA,NA,NA,NA,NA,NA,NA,NA,NA,NA,NA,NA,NA,NA,NA,NA,NA,NA,NA,NA,NA,NA,NA,NA,NA,NA,NA,NA,NA,NA,NA,NA,NA,NA,NA,NA,NA,NA,NA,NA,NA,NA,NA,NA,NA,NA
"171","Cluster319",NA,NA,1,NA,NA,NA,NA,NA,NA,NA,NA,NA,NA,NA,NA,1,NA,NA,NA,NA,NA,NA,NA,NA,NA,NA,NA,NA,NA,NA,NA,NA,NA,NA,NA,NA,NA,NA,NA,NA,NA,NA,NA,NA,NA,NA,NA,NA,NA,NA,NA,NA,NA,NA,NA,NA,NA,NA,NA,NA,NA,NA
"172","Cluster97",NA,NA,1,NA,NA,NA,1,NA,NA,NA,NA,NA,NA,NA,1,NA,NA,NA,1,NA,1,NA,NA,1,1,NA,NA,NA,NA,1,1,NA,1,NA,NA,1,1,NA,NA,NA,NA,1,1,NA,NA,NA,NA,1,NA,NA,NA,NA,1,1,1,NA,1,NA,1,NA,NA,1
"173","Cluster291",NA,NA,1,NA,NA,NA,NA,NA,NA,NA,NA,NA,NA,NA,NA,1,NA,NA,NA,NA,NA,NA,NA,NA,NA,NA,NA,NA,NA,NA,NA,NA,NA,NA,NA,NA,NA,NA,NA,NA,NA,NA,NA,NA,NA,NA,NA,NA,NA,NA,NA,NA,NA,NA,NA,NA,NA,NA,NA,NA,NA,NA
"174","Cluster131",NA,NA,1,NA,NA,NA,NA,1,NA,NA,NA,NA,NA,NA,NA,1,NA,NA,NA,1,NA,NA,NA,NA,NA,NA,NA,NA,NA,NA,NA,NA,NA,NA,NA,NA,NA,NA,NA,NA,NA,NA,NA,NA,NA,NA,NA,NA,NA,1,NA,NA,NA,NA,NA,NA,NA,1,NA,NA,NA,NA
"175","Cluster83",NA,NA,1,NA,NA,NA,NA,NA,NA,NA,NA,NA,NA,NA,NA,NA,NA,NA,NA,NA,NA,NA,NA,1,NA,1,NA,NA,NA,NA,NA,NA,NA,1,1,NA,NA,NA,1,1,NA,NA,NA,NA,NA,NA,NA,NA,1,1,NA,NA,NA,NA,NA,NA,NA,NA,NA,NA,1,NA
"176","Cluster458",NA,NA,1,NA,NA,NA,NA,NA,NA,1,NA,1,NA,NA,1,1,NA,1,1,NA,1,NA,NA,1,1,NA,NA,NA,1,1,1,NA,1,NA,1,1,1,NA,1,NA,NA,1,1,1,NA,NA,1,1,NA,1,NA,NA,1,1,1,NA,1,1,1,NA,1,1
"177","Cluster32",NA,NA,1,NA,1,NA,NA,NA,NA,NA,NA,NA,NA,NA,NA,NA,NA,1,NA,NA,NA,NA,NA,1,NA,NA,NA,NA,NA,NA,NA,1,NA,NA,NA,NA,NA,1,1,NA,NA,NA,NA,NA,NA,NA,NA,NA,NA,NA,NA,1,NA,NA,NA,NA,1,1,NA,1,NA,NA
"178","Cluster253",NA,NA,1,NA,1,NA,NA,NA,NA,NA,NA,1,NA,NA,NA,NA,NA,NA,NA,1,NA,NA,NA,NA,NA,NA,NA,NA,NA,NA,NA,NA,NA,NA,NA,NA,NA,NA,NA,NA,NA,NA,NA,NA,NA,NA,NA,NA,NA,NA,NA,NA,NA,NA,NA,NA,NA,NA,NA,NA,NA,NA
"179","Cluster64",NA,NA,1,NA,NA,NA,NA,NA,NA,NA,NA,1,NA,NA,NA,1,NA,1,NA,NA,NA,NA,1,NA,NA,NA,NA,NA,1,NA,NA,NA,NA,NA,NA,NA,NA,1,1,NA,1,NA,NA,NA,NA,NA,NA,NA,NA,NA,NA,NA,NA,NA,NA,1,NA,NA,NA,NA,NA,NA
"180","Cluster151",NA,NA,1,NA,NA,NA,NA,NA,NA,NA,NA,NA,NA,1,NA,NA,NA,NA,NA,1,NA,NA,NA,NA,NA,NA,NA,NA,NA,NA,NA,NA,NA,NA,NA,NA,NA,1,1,NA,NA,NA,NA,NA,NA,NA,NA,NA,NA,NA,NA,NA,NA,NA,NA,1,NA,1,NA,NA,NA,NA
"181","Cluster187",NA,NA,1,NA,NA,NA,NA,1,NA,NA,NA,NA,NA,NA,NA,1,1,NA,1,NA,1,NA,NA,NA,1,NA,NA,NA,NA,NA,1,NA,1,NA,NA,NA,1,NA,NA,NA,NA,NA,1,NA,NA,NA,NA,1,NA,NA,NA,1,NA,1,NA,NA,NA,1,1,NA,NA,1
"182","Cluster265",NA,NA,1,NA,NA,NA,NA,NA,NA,NA,NA,1,NA,NA,NA,NA,NA,1,1,NA,1,NA,1,1,1,NA,1,NA,1,1,1,NA,1,1,1,1,1,1,1,1,NA,1,1,NA,1,NA,1,1,NA,1,NA,1,1,1,1,NA,1,NA,1,1,NA,1
"183","Cluster406",NA,NA,1,1,NA,NA,NA,NA,NA,1,NA,1,NA,NA,NA,NA,1,NA,1,1,NA,1,NA,NA,1,1,NA,NA,NA,NA,1,NA,NA,1,1,NA,1,NA,NA,1,1,NA,1,NA,NA,1,NA,NA,NA,NA,NA,NA,NA,NA,NA,NA,NA,NA,NA,1,NA,NA
"184","Cluster381",NA,NA,1,NA,1,1,NA,1,NA,1,NA,1,NA,NA,NA,NA,NA,1,NA,1,NA,NA,NA,NA,NA,NA,NA,NA,NA,NA,NA,NA,NA,NA,NA,NA,NA,NA,NA,NA,NA,NA,NA,NA,NA,NA,NA,NA,NA,NA,NA,NA,NA,NA,NA,NA,NA,NA,NA,NA,NA,NA
"185","Cluster302",NA,NA,1,1,NA,NA,NA,NA,NA,NA,NA,NA,NA,NA,NA,1,NA,1,1,NA,1,NA,1,1,NA,NA,NA,NA,1,1,1,NA,1,NA,NA,1,1,1,1,1,NA,NA,1,NA,NA,NA,1,NA,NA,1,NA,NA,1,1,1,NA,1,1,1,NA,NA,1
"186","Cluster127",NA,NA,1,NA,NA,NA,NA,NA,NA,NA,NA,NA,NA,NA,NA,NA,NA,NA,NA,NA,NA,NA,1,1,NA,NA,NA,NA,NA,NA,NA,NA,NA,NA,NA,1,NA,1,NA,NA,NA,NA,NA,NA,NA,NA,1,NA,NA,NA,1,1,NA,NA,1,1,1,NA,NA,NA,NA,NA
"187","Cluster451",NA,NA,1,NA,NA,NA,NA,NA,NA,NA,NA,NA,NA,1,NA,NA,NA,NA,NA,NA,NA,NA,NA,NA,NA,NA,NA,NA,NA,NA,NA,NA,NA,NA,NA,NA,NA,1,NA,NA,NA,NA,NA,NA,NA,NA,NA,NA,NA,NA,NA,NA,NA,NA,NA,NA,NA,NA,NA,NA,NA,NA
"188","Cluster462",NA,NA,1,NA,NA,1,NA,NA,NA,NA,NA,1,NA,NA,NA,1,NA,1,NA,1,NA,NA,NA,NA,NA,1,1,NA,NA,1,NA,NA,NA,1,NA,NA,1,1,NA,NA,1,1,NA,NA,NA,NA,1,1,NA,1,NA,NA,1,NA,NA,NA,NA,1,NA,1,NA,1
"189","Cluster140",NA,NA,1,NA,NA,1,NA,NA,NA,NA,NA,1,NA,NA,NA,NA,NA,NA,NA,NA,NA,NA,NA,NA,NA,NA,NA,1,NA,NA,NA,NA,NA,NA,NA,NA,NA,1,NA,NA,NA,NA,NA,1,NA,NA,1,NA,NA,NA,NA,NA,NA,NA,1,1,NA,1,NA,1,1,1
"190","Cluster238",NA,NA,1,1,NA,NA,1,1,NA,NA,NA,NA,NA,NA,NA,1,NA,NA,1,1,1,1,1,NA,1,1,NA,1,NA,1,1,1,1,NA,1,NA,1,1,NA,1,NA,1,1,1,1,1,1,1,1,1,NA,1,1,1,1,1,1,NA,1,NA,1,1
"191","Cluster393",NA,NA,1,1,NA,1,1,NA,1,1,NA,1,1,NA,1,NA,1,1,1,1,1,1,NA,1,1,1,1,1,1,1,1,1,1,1,1,1,1,1,1,1,1,1,1,1,1,1,1,1,1,1,1,1,1,1,1,1,1,1,1,1,1,1
"192","Cluster120",NA,NA,1,NA,1,NA,NA,1,NA,NA,NA,1,NA,NA,NA,1,NA,1,NA,NA,NA,NA,NA,NA,NA,NA,NA,NA,NA,NA,NA,NA,NA,NA,NA,NA,NA,NA,NA,NA,NA,NA,NA,NA,NA,NA,NA,NA,NA,NA,NA,NA,NA,NA,NA,NA,NA,NA,NA,NA,NA,NA
"193","Cluster502",NA,NA,1,1,1,1,1,1,NA,1,NA,NA,NA,NA,1,1,NA,NA,1,NA,1,NA,NA,NA,NA,NA,1,NA,NA,NA,1,NA,NA,NA,1,NA,NA,NA,NA,NA,1,NA,NA,1,NA,NA,NA,NA,NA,NA,NA,NA,NA,NA,NA,NA,NA,NA,NA,NA,NA,NA
"194","Cluster428",NA,NA,1,1,1,1,1,NA,1,NA,NA,NA,NA,NA,1,1,1,1,1,1,1,1,1,1,1,1,1,1,1,1,1,1,1,1,1,NA,1,NA,1,1,NA,1,1,NA,NA,1,1,1,NA,NA,NA,NA,1,1,NA,1,1,1,1,1,NA,1
"195","Cluster185",NA,NA,1,NA,NA,NA,NA,NA,NA,NA,1,NA,NA,1,NA,NA,NA,NA,NA,NA,NA,NA,NA,NA,NA,NA,NA,NA,NA,NA,NA,1,NA,NA,NA,NA,NA,NA,NA,NA,NA,NA,NA,NA,NA,NA,NA,NA,NA,NA,NA,NA,NA,NA,NA,NA,1,1,NA,NA,NA,NA
"196","Cluster155",NA,NA,1,1,NA,NA,NA,NA,NA,NA,1,1,NA,NA,NA,NA,NA,NA,NA,1,NA,NA,NA,NA,NA,1,NA,NA,NA,NA,NA,NA,NA,1,NA,NA,1,1,1,NA,NA,NA,NA,1,NA,NA,NA,NA,NA,NA,NA,NA,NA,NA,1,NA,NA,NA,NA,NA,NA,NA
"197","Cluster371",NA,NA,1,NA,NA,NA,NA,NA,NA,NA,NA,NA,NA,NA,NA,NA,NA,NA,NA,1,NA,NA,NA,NA,NA,NA,NA,NA,NA,NA,NA,NA,NA,NA,NA,NA,NA,1,NA,NA,NA,NA,NA,NA,NA,NA,NA,NA,NA,NA,NA,NA,NA,NA,NA,NA,NA,NA,NA,NA,NA,NA
"198","Cluster260",NA,NA,1,1,1,1,1,1,NA,1,1,NA,NA,NA,1,1,1,NA,NA,1,1,1,NA,NA,NA,1,1,1,NA,NA,NA,1,NA,1,NA,1,NA,NA,NA,1,NA,NA,NA,1,NA,1,NA,NA,NA,1,NA,1,NA,NA,1,1,1,1,NA,1,1,NA
"199","Cluster63",NA,NA,1,NA,1,1,NA,1,NA,NA,NA,NA,NA,1,1,1,NA,1,1,1,NA,1,1,1,1,1,1,1,1,NA,NA,NA,NA,NA,1,1,1,1,1,1,1,1,NA,NA,NA,1,1,NA,1,1,1,1,NA,NA,1,1,1,NA,NA,1,1,NA
"200","Cluster153",NA,NA,1,NA,1,1,NA,NA,NA,NA,NA,NA,NA,NA,NA,NA,NA,NA,1,1,1,NA,NA,NA,NA,1,NA,NA,NA,1,1,NA,1,NA,NA,NA,NA,1,1,NA,NA,NA,NA,1,NA,NA,NA,NA,NA,NA,NA,NA,NA,NA,NA,1,NA,NA,NA,NA,1,NA
"201","Cluster489",NA,NA,1,1,NA,NA,NA,NA,NA,NA,NA,1,NA,NA,NA,NA,NA,NA,NA,NA,NA,NA,NA,NA,NA,NA,NA,NA,NA,NA,NA,NA,NA,NA,NA,NA,NA,1,1,NA,NA,NA,NA,NA,NA,NA,1,NA,NA,NA,NA,NA,NA,NA,NA,NA,NA,1,NA,NA,NA,NA
"202","Cluster256",NA,NA,NA,1,NA,NA,NA,NA,NA,NA,NA,NA,NA,NA,NA,NA,1,NA,NA,NA,NA,NA,NA,NA,NA,NA,NA,NA,NA,NA,NA,NA,NA,NA,NA,NA,NA,NA,NA,NA,NA,NA,NA,NA,NA,NA,NA,NA,NA,NA,NA,NA,NA,NA,NA,NA,NA,NA,NA,NA,NA,NA
"203","Cluster500",NA,NA,NA,1,NA,NA,NA,NA,NA,NA,NA,NA,NA,NA,NA,NA,NA,NA,NA,NA,NA,NA,NA,NA,NA,NA,NA,NA,NA,NA,NA,NA,NA,NA,NA,NA,NA,NA,NA,NA,NA,NA,NA,NA,NA,NA,NA,NA,NA,NA,NA,1,NA,NA,NA,NA,NA,NA,NA,NA,NA,NA
"204","Cluster341",NA,NA,NA,1,1,NA,NA,NA,NA,NA,NA,1,NA,NA,NA,NA,NA,NA,NA,NA,NA,NA,NA,NA,NA,NA,NA,NA,NA,NA,NA,NA,NA,NA,NA,NA,NA,NA,NA,NA,NA,NA,NA,NA,NA,NA,NA,NA,NA,NA,NA,NA,NA,NA,NA,NA,NA,NA,NA,NA,NA,NA
"205","Cluster491",NA,NA,NA,1,1,NA,NA,1,NA,NA,NA,NA,NA,NA,NA,1,NA,NA,NA,NA,NA,NA,NA,NA,NA,NA,NA,NA,NA,NA,NA,NA,NA,NA,NA,NA,NA,NA,NA,NA,NA,NA,NA,NA,NA,NA,NA,NA,NA,NA,NA,NA,NA,NA,NA,NA,NA,NA,NA,NA,NA,NA
"206","Cluster501",NA,NA,NA,1,NA,NA,NA,NA,NA,NA,NA,NA,NA,NA,NA,NA,NA,NA,NA,NA,NA,NA,NA,NA,NA,NA,NA,NA,NA,NA,NA,NA,NA,NA,NA,NA,NA,NA,1,NA,NA,NA,NA,NA,NA,NA,NA,NA,NA,NA,NA,NA,NA,NA,NA,NA,NA,NA,NA,NA,NA,NA
"207","Cluster472",NA,NA,NA,1,1,NA,1,1,NA,NA,NA,NA,NA,NA,NA,1,NA,NA,1,1,NA,NA,NA,NA,NA,NA,NA,NA,NA,NA,1,1,1,NA,1,NA,NA,NA,NA,NA,NA,NA,1,1,NA,NA,NA,NA,NA,NA,NA,NA,NA,NA,NA,NA,NA,NA,NA,NA,NA,NA
"208","Cluster168",NA,NA,NA,1,NA,NA,NA,NA,NA,NA,NA,NA,NA,1,NA,NA,NA,NA,NA,1,NA,NA,NA,NA,NA,NA,NA,NA,NA,NA,NA,NA,NA,NA,NA,NA,NA,NA,1,1,NA,NA,NA,NA,NA,NA,1,NA,NA,1,NA,NA,NA,NA,NA,NA,NA,NA,NA,NA,1,NA
"209","Cluster119",NA,NA,NA,1,NA,1,NA,NA,NA,NA,NA,NA,1,NA,NA,NA,NA,1,NA,NA,NA,NA,NA,NA,NA,NA,NA,NA,NA,NA,NA,NA,NA,NA,NA,NA,NA,NA,NA,NA,NA,NA,NA,NA,NA,NA,NA,NA,NA,NA,NA,NA,NA,NA,NA,NA,NA,NA,NA,NA,NA,NA
"210","Cluster499",NA,NA,NA,1,NA,1,NA,1,NA,NA,NA,NA,NA,NA,NA,NA,NA,NA,NA,NA,NA,1,NA,NA,NA,NA,NA,NA,NA,NA,NA,NA,NA,NA,NA,NA,NA,NA,1,NA,NA,NA,NA,NA,NA,NA,NA,NA,NA,NA,NA,NA,NA,NA,NA,NA,NA,NA,NA,NA,NA,NA
"211","Cluster367",NA,NA,NA,1,NA,NA,NA,NA,NA,NA,NA,NA,1,NA,NA,NA,NA,NA,NA,NA,NA,NA,NA,NA,NA,NA,NA,NA,NA,1,NA,NA,NA,NA,NA,NA,NA,NA,NA,NA,NA,1,NA,NA,NA,NA,NA,NA,NA,NA,NA,NA,1,1,NA,NA,NA,NA,NA,NA,NA,1
"212","Cluster57",NA,NA,NA,1,NA,NA,NA,NA,NA,1,NA,1,NA,NA,NA,NA,NA,NA,NA,NA,NA,NA,NA,1,NA,1,NA,1,1,NA,NA,1,NA,1,NA,1,NA,NA,1,NA,1,NA,1,1,NA,1,1,NA,1,1,1,1,NA,NA,1,1,NA,NA,NA,NA,1,NA
"213","Cluster439",NA,NA,NA,1,NA,1,NA,NA,NA,NA,NA,1,NA,NA,NA,NA,NA,NA,1,NA,NA,NA,NA,NA,NA,NA,NA,NA,NA,NA,1,1,1,1,1,1,NA,NA,NA,NA,NA,1,NA,NA,1,1,NA,NA,NA,NA,NA,NA,NA,NA,NA,NA,NA,NA,NA,NA,NA,NA
"214","Cluster241",NA,NA,NA,1,NA,NA,NA,NA,NA,NA,NA,NA,NA,NA,NA,NA,NA,NA,1,NA,1,NA,NA,NA,1,NA,NA,NA,NA,1,1,NA,1,NA,1,NA,1,NA,NA,1,NA,1,1,NA,NA,NA,NA,1,NA,NA,NA,NA,1,1,NA,NA,NA,NA,1,NA,NA,1
"215","Cluster141",NA,NA,NA,1,NA,NA,NA,NA,NA,NA,NA,NA,NA,NA,NA,NA,NA,NA,NA,NA,NA,NA,NA,NA,NA,NA,NA,NA,NA,NA,NA,1,NA,NA,NA,NA,NA,NA,1,NA,NA,NA,NA,1,NA,NA,NA,NA,NA,NA,NA,NA,NA,NA,NA,1,NA,1,NA,NA,NA,NA
"216","Cluster77",NA,NA,NA,1,NA,NA,1,NA,NA,NA,NA,1,1,NA,1,NA,NA,NA,NA,1,1,NA,NA,1,1,1,NA,NA,NA,1,1,NA,1,NA,NA,1,1,1,1,NA,NA,1,NA,NA,NA,NA,1,1,NA,1,1,1,1,NA,1,1,1,NA,NA,NA,NA,1
"217","Cluster284",NA,NA,NA,1,NA,1,NA,NA,NA,NA,NA,NA,NA,1,NA,NA,NA,NA,1,NA,NA,NA,NA,NA,NA,NA,NA,NA,NA,NA,1,NA,NA,NA,NA,NA,NA,1,NA,NA,NA,NA,1,1,NA,NA,NA,NA,NA,NA,NA,NA,NA,NA,NA,NA,NA,NA,NA,NA,NA,NA
"218","Cluster448",NA,NA,NA,1,NA,NA,NA,1,NA,1,NA,NA,NA,NA,NA,1,1,NA,NA,NA,NA,NA,NA,1,NA,NA,NA,NA,NA,NA,NA,1,NA,NA,NA,NA,NA,NA,NA,NA,NA,NA,NA,1,NA,NA,NA,NA,NA,NA,NA,NA,NA,NA,NA,NA,NA,NA,NA,NA,NA,NA
"219","Cluster169",NA,NA,NA,1,NA,NA,NA,NA,NA,NA,NA,1,1,NA,NA,NA,1,NA,NA,NA,NA,NA,NA,NA,NA,NA,NA,NA,NA,NA,NA,NA,NA,NA,NA,NA,NA,NA,1,NA,NA,1,NA,NA,NA,NA,NA,NA,NA,NA,NA,NA,NA,NA,NA,NA,1,NA,NA,NA,NA,NA
"220","Cluster54",NA,NA,NA,1,NA,NA,NA,NA,NA,NA,NA,NA,1,1,NA,NA,NA,NA,1,NA,NA,NA,NA,NA,NA,1,NA,NA,NA,NA,NA,NA,NA,NA,NA,NA,NA,NA,NA,NA,NA,NA,NA,NA,NA,NA,NA,NA,NA,NA,1,NA,NA,NA,1,NA,NA,NA,NA,NA,NA,NA
"221","Cluster223",NA,NA,NA,1,1,1,NA,1,NA,NA,NA,NA,NA,NA,NA,NA,1,NA,NA,NA,NA,NA,NA,NA,NA,1,NA,NA,NA,NA,NA,NA,NA,1,NA,NA,NA,NA,NA,NA,NA,NA,NA,1,NA,NA,NA,NA,NA,1,NA,NA,NA,NA,NA,NA,NA,NA,NA,NA,NA,NA
"222","Cluster368",NA,NA,NA,1,1,1,1,NA,1,NA,NA,NA,NA,1,NA,NA,1,NA,NA,NA,1,NA,NA,1,NA,NA,NA,NA,NA,NA,NA,NA,NA,NA,NA,NA,NA,NA,NA,NA,NA,NA,NA,NA,NA,NA,NA,NA,NA,NA,NA,NA,NA,NA,NA,NA,NA,NA,NA,NA,NA,NA
"223","Cluster170",NA,NA,NA,1,NA,1,NA,1,NA,NA,NA,NA,NA,1,NA,NA,NA,NA,1,NA,1,NA,NA,NA,1,NA,NA,NA,NA,1,1,NA,1,NA,NA,NA,1,NA,NA,NA,NA,1,1,NA,NA,NA,NA,NA,NA,NA,NA,NA,1,1,NA,NA,NA,NA,1,NA,1,1
"224","Cluster485",NA,NA,NA,1,NA,NA,NA,NA,NA,NA,NA,NA,1,NA,1,NA,NA,NA,NA,NA,NA,NA,NA,NA,NA,NA,NA,NA,NA,NA,NA,1,NA,NA,NA,NA,NA,NA,NA,NA,NA,NA,1,NA,NA,NA,NA,NA,NA,NA,NA,NA,NA,NA,NA,NA,1,NA,NA,NA,NA,NA
"225","Cluster250",NA,NA,NA,NA,1,NA,NA,NA,NA,NA,NA,NA,NA,1,NA,NA,NA,NA,NA,NA,NA,NA,NA,NA,NA,NA,NA,NA,NA,NA,NA,NA,NA,NA,NA,NA,NA,NA,NA,NA,NA,NA,NA,NA,NA,NA,NA,NA,NA,NA,NA,NA,NA,NA,NA,NA,NA,NA,NA,NA,NA,NA
"226","Cluster496",NA,NA,NA,NA,1,NA,NA,NA,NA,NA,NA,NA,NA,NA,NA,1,NA,NA,NA,NA,NA,NA,NA,NA,NA,NA,NA,NA,NA,NA,NA,NA,NA,NA,NA,NA,NA,NA,NA,NA,NA,NA,NA,NA,NA,NA,NA,NA,NA,NA,NA,NA,NA,NA,NA,NA,NA,NA,NA,NA,NA,NA
"227","Cluster326",NA,NA,NA,NA,1,NA,NA,NA,NA,NA,NA,NA,NA,NA,NA,1,NA,NA,NA,NA,NA,NA,NA,NA,NA,NA,NA,NA,NA,NA,NA,NA,NA,NA,NA,NA,NA,NA,NA,NA,NA,NA,NA,NA,NA,NA,NA,NA,NA,NA,NA,NA,NA,NA,NA,NA,NA,NA,NA,NA,NA,NA
"228","Cluster482",NA,NA,NA,NA,1,NA,NA,NA,NA,NA,NA,NA,NA,1,NA,NA,NA,NA,NA,NA,NA,NA,NA,NA,NA,NA,NA,NA,NA,NA,NA,NA,NA,NA,NA,1,NA,NA,NA,NA,NA,NA,NA,NA,NA,NA,NA,NA,NA,NA,NA,NA,NA,NA,NA,NA,NA,NA,NA,NA,1,NA
"229","Cluster471",NA,NA,NA,NA,1,1,NA,1,NA,NA,NA,NA,NA,NA,NA,NA,NA,NA,NA,NA,NA,NA,NA,NA,NA,NA,NA,NA,NA,NA,NA,NA,NA,NA,NA,NA,NA,NA,NA,NA,NA,NA,NA,NA,NA,NA,NA,NA,NA,NA,NA,NA,NA,NA,NA,NA,NA,NA,NA,NA,NA,NA
"230","Cluster438",NA,NA,NA,NA,1,NA,NA,NA,NA,NA,NA,NA,NA,NA,NA,1,NA,NA,NA,1,NA,NA,NA,NA,NA,NA,NA,NA,NA,NA,NA,NA,NA,NA,NA,NA,NA,NA,NA,NA,NA,NA,NA,NA,NA,NA,NA,NA,NA,NA,NA,NA,NA,NA,NA,NA,NA,NA,NA,NA,NA,NA
"231","Cluster33",NA,NA,NA,NA,1,NA,NA,1,NA,NA,NA,1,NA,NA,1,1,1,1,NA,NA,NA,NA,NA,NA,NA,NA,NA,NA,NA,NA,NA,NA,NA,1,NA,1,NA,NA,1,NA,NA,NA,NA,1,NA,NA,NA,NA,NA,1,NA,1,NA,NA,1,1,NA,NA,NA,NA,1,NA
"232","Cluster267",NA,NA,NA,NA,1,NA,NA,1,NA,NA,NA,NA,NA,NA,NA,1,NA,NA,NA,1,NA,NA,NA,NA,NA,NA,NA,NA,NA,NA,NA,NA,NA,NA,NA,NA,NA,NA,NA,NA,NA,NA,NA,NA,NA,NA,NA,NA,NA,NA,NA,NA,NA,NA,NA,NA,NA,NA,NA,NA,NA,NA
"233","Cluster425",NA,NA,NA,NA,1,NA,NA,NA,NA,NA,NA,NA,NA,NA,NA,1,NA,NA,NA,1,NA,NA,NA,NA,NA,NA,NA,NA,NA,NA,NA,NA,NA,NA,NA,NA,NA,NA,NA,NA,NA,NA,NA,NA,NA,NA,NA,NA,NA,NA,NA,NA,NA,NA,NA,NA,NA,NA,NA,NA,NA,NA
"234","Cluster441",NA,NA,NA,NA,1,1,1,NA,NA,NA,NA,NA,NA,NA,NA,1,NA,1,NA,NA,NA,NA,NA,NA,NA,NA,NA,NA,NA,NA,NA,NA,NA,NA,NA,NA,NA,NA,1,NA,NA,NA,NA,NA,NA,NA,NA,1,NA,NA,NA,NA,1,NA,NA,NA,NA,NA,1,NA,NA,1
"235","Cluster507",NA,NA,NA,NA,1,NA,NA,NA,NA,NA,1,1,NA,NA,NA,NA,NA,NA,NA,NA,NA,NA,NA,NA,NA,NA,NA,NA,NA,NA,NA,NA,NA,1,NA,1,NA,NA,1,NA,NA,NA,NA,NA,NA,NA,NA,NA,NA,NA,NA,1,NA,NA,1,NA,NA,NA,NA,NA,NA,NA
"236","Cluster305",NA,NA,NA,NA,1,NA,NA,NA,NA,NA,NA,NA,NA,NA,NA,NA,NA,NA,NA,NA,NA,NA,NA,NA,NA,NA,NA,NA,NA,NA,NA,NA,NA,NA,NA,NA,NA,1,NA,NA,NA,NA,NA,NA,NA,NA,NA,NA,NA,NA,NA,NA,NA,NA,NA,NA,NA,NA,NA,1,NA,NA
"237","Cluster360",NA,NA,NA,NA,1,NA,NA,NA,NA,NA,NA,NA,NA,NA,NA,NA,NA,NA,NA,NA,NA,NA,1,1,NA,NA,1,NA,1,NA,NA,NA,NA,NA,1,NA,NA,NA,NA,NA,NA,NA,NA,NA,NA,NA,NA,NA,NA,NA,NA,NA,NA,NA,NA,NA,NA,NA,NA,NA,NA,NA
"238","Cluster435",NA,NA,NA,NA,1,NA,NA,NA,NA,NA,NA,NA,NA,NA,NA,1,NA,NA,NA,1,NA,NA,NA,NA,NA,NA,NA,NA,NA,NA,NA,NA,NA,NA,NA,NA,NA,NA,NA,NA,NA,NA,NA,NA,NA,NA,NA,NA,NA,NA,NA,NA,NA,NA,NA,NA,NA,NA,NA,NA,NA,NA
"239","Cluster464",NA,NA,NA,NA,1,1,1,NA,NA,NA,NA,NA,NA,NA,NA,NA,NA,NA,NA,1,NA,NA,1,NA,1,NA,NA,NA,NA,1,1,NA,1,NA,NA,NA,1,1,1,NA,NA,1,1,NA,NA,NA,NA,1,NA,NA,NA,NA,1,1,NA,NA,1,1,1,1,NA,1
"240","Cluster217",NA,NA,NA,NA,1,NA,NA,NA,NA,NA,NA,1,NA,NA,NA,NA,NA,NA,NA,1,NA,NA,NA,NA,NA,NA,NA,NA,NA,NA,NA,NA,NA,NA,NA,NA,NA,NA,NA,NA,NA,NA,NA,NA,NA,NA,NA,NA,NA,NA,NA,NA,NA,NA,NA,NA,NA,NA,NA,NA,NA,NA
"241","Cluster296",NA,NA,NA,NA,1,1,1,1,NA,NA,NA,NA,NA,NA,NA,1,NA,NA,NA,1,NA,NA,NA,NA,NA,NA,NA,NA,NA,NA,NA,NA,NA,NA,NA,NA,NA,1,NA,NA,NA,NA,NA,NA,NA,NA,NA,NA,NA,NA,NA,NA,NA,NA,NA,NA,NA,NA,NA,1,NA,NA
"242","Cluster235",NA,NA,NA,NA,1,1,1,1,NA,NA,NA,NA,NA,NA,NA,1,NA,1,NA,NA,NA,NA,NA,NA,NA,NA,NA,NA,NA,NA,NA,NA,NA,NA,NA,NA,NA,NA,NA,NA,NA,NA,NA,NA,NA,NA,NA,NA,NA,NA,NA,NA,NA,NA,NA,NA,NA,NA,NA,NA,NA,NA
"243","Cluster362",NA,NA,NA,NA,1,NA,NA,NA,NA,NA,1,NA,NA,NA,NA,1,1,1,NA,NA,NA,NA,NA,NA,NA,NA,NA,NA,NA,NA,NA,NA,NA,NA,NA,NA,NA,NA,NA,1,NA,NA,NA,NA,NA,NA,NA,NA,NA,NA,NA,NA,1,NA,NA,NA,1,NA,1,NA,1,1
"244","Cluster480",NA,NA,NA,NA,1,NA,NA,NA,NA,NA,NA,1,NA,NA,NA,1,NA,1,NA,NA,1,NA,NA,1,1,NA,NA,NA,NA,NA,NA,NA,NA,1,NA,NA,NA,NA,NA,1,NA,NA,NA,NA,NA,NA,NA,NA,NA,1,NA,NA,1,NA,NA,NA,1,NA,1,NA,NA,NA
"245","Cluster363",NA,NA,NA,NA,1,NA,NA,NA,NA,NA,NA,NA,NA,NA,NA,NA,NA,NA,NA,1,NA,NA,NA,NA,1,1,NA,NA,1,1,NA,NA,1,NA,NA,NA,NA,NA,NA,NA,NA,1,NA,NA,NA,NA,NA,NA,NA,NA,NA,NA,NA,NA,1,NA,NA,NA,NA,1,NA,NA
"246","Cluster432",NA,NA,NA,NA,1,NA,NA,NA,NA,NA,NA,NA,NA,NA,NA,NA,NA,NA,NA,NA,NA,NA,NA,NA,NA,1,NA,NA,NA,NA,NA,NA,NA,NA,NA,NA,NA,NA,NA,NA,NA,NA,NA,NA,NA,NA,NA,NA,NA,NA,NA,NA,NA,NA,NA,NA,NA,NA,NA,NA,NA,NA
"247","Cluster144",NA,NA,NA,NA,1,1,NA,NA,NA,NA,NA,NA,NA,NA,NA,1,NA,NA,NA,1,NA,NA,NA,1,NA,NA,NA,NA,NA,NA,NA,NA,NA,NA,NA,NA,NA,NA,NA,NA,NA,NA,NA,NA,NA,NA,NA,NA,NA,NA,NA,NA,NA,NA,NA,NA,NA,NA,NA,NA,NA,NA
"248","Cluster99",NA,NA,NA,NA,1,NA,NA,NA,NA,NA,NA,NA,1,NA,NA,NA,NA,NA,NA,NA,NA,NA,NA,NA,NA,NA,NA,NA,NA,NA,NA,NA,NA,NA,NA,NA,NA,NA,NA,NA,NA,NA,NA,NA,NA,NA,NA,NA,NA,NA,NA,NA,NA,NA,NA,NA,NA,NA,NA,NA,NA,NA
"249","Cluster414",NA,NA,NA,NA,1,NA,NA,NA,NA,NA,NA,NA,NA,NA,NA,NA,NA,NA,NA,1,NA,NA,NA,NA,NA,NA,NA,NA,NA,NA,NA,NA,NA,NA,NA,NA,NA,1,NA,NA,NA,NA,NA,NA,NA,NA,NA,NA,NA,NA,NA,NA,NA,NA,NA,NA,NA,NA,NA,NA,NA,NA
"250","Cluster137",NA,NA,NA,NA,1,NA,1,NA,NA,NA,1,NA,NA,NA,1,1,NA,NA,1,1,1,NA,NA,1,1,NA,NA,1,NA,1,1,NA,1,NA,NA,NA,1,NA,NA,NA,1,1,1,NA,NA,NA,NA,1,1,NA,NA,NA,1,1,NA,NA,NA,NA,NA,1,NA,1
"251","Cluster252",NA,NA,NA,NA,1,NA,NA,1,NA,NA,NA,NA,NA,NA,NA,NA,NA,NA,NA,NA,NA,NA,NA,NA,NA,NA,NA,NA,NA,NA,NA,NA,NA,NA,NA,NA,NA,NA,NA,NA,NA,NA,NA,NA,NA,NA,NA,NA,NA,NA,NA,NA,NA,NA,NA,NA,NA,NA,NA,NA,NA,NA
"252","Cluster427",NA,NA,NA,NA,1,NA,NA,NA,NA,NA,NA,NA,NA,NA,NA,NA,NA,NA,NA,1,NA,NA,NA,NA,NA,NA,NA,NA,NA,NA,NA,NA,NA,NA,NA,NA,NA,1,NA,NA,NA,NA,NA,NA,NA,NA,NA,NA,NA,NA,NA,NA,NA,NA,NA,NA,NA,NA,NA,NA,NA,NA
"253","Cluster455",NA,NA,NA,NA,1,NA,NA,NA,NA,NA,NA,NA,NA,1,NA,NA,NA,NA,NA,NA,NA,NA,NA,NA,NA,NA,NA,NA,NA,NA,NA,NA,NA,NA,NA,NA,NA,NA,NA,NA,NA,NA,NA,NA,NA,NA,NA,NA,NA,NA,NA,NA,NA,NA,NA,NA,NA,NA,NA,NA,NA,NA
"254","Cluster459",NA,NA,NA,NA,1,NA,NA,1,NA,NA,NA,NA,NA,NA,NA,NA,NA,NA,1,NA,1,NA,NA,1,1,NA,NA,NA,NA,NA,1,NA,1,NA,NA,NA,NA,NA,NA,1,NA,NA,1,NA,NA,NA,NA,NA,NA,NA,NA,NA,NA,1,NA,NA,1,NA,1,NA,NA,NA
"255","Cluster69",NA,NA,NA,NA,1,NA,NA,NA,NA,NA,NA,NA,1,1,NA,NA,NA,NA,NA,NA,NA,NA,NA,NA,NA,NA,NA,NA,NA,NA,NA,NA,NA,NA,NA,NA,NA,NA,NA,NA,NA,NA,NA,NA,NA,NA,NA,NA,NA,NA,NA,NA,NA,NA,NA,NA,NA,NA,NA,NA,NA,NA
"256","Cluster383",NA,NA,NA,NA,1,NA,NA,1,NA,NA,NA,NA,NA,1,NA,1,NA,1,NA,NA,NA,NA,NA,NA,NA,NA,NA,NA,NA,NA,NA,NA,NA,NA,NA,NA,NA,NA,NA,NA,NA,NA,NA,NA,NA,NA,NA,NA,NA,NA,NA,NA,NA,NA,NA,NA,NA,NA,NA,NA,NA,NA
"257","Cluster233",NA,NA,NA,NA,1,NA,NA,NA,NA,NA,NA,NA,NA,NA,NA,NA,NA,NA,NA,1,NA,NA,NA,NA,NA,NA,NA,NA,NA,NA,NA,NA,NA,NA,NA,NA,NA,NA,NA,NA,NA,NA,NA,NA,NA,NA,NA,NA,NA,NA,NA,NA,NA,NA,NA,NA,NA,NA,NA,NA,NA,NA
"258","Cluster460",NA,NA,NA,NA,1,NA,NA,NA,NA,NA,NA,NA,NA,NA,NA,NA,NA,NA,NA,NA,NA,NA,NA,1,NA,NA,NA,NA,NA,NA,NA,NA,NA,NA,NA,NA,NA,NA,NA,NA,NA,NA,NA,NA,NA,NA,NA,NA,NA,NA,NA,NA,NA,NA,NA,NA,NA,NA,NA,NA,NA,NA
"259","Cluster355",NA,NA,NA,NA,1,1,NA,1,NA,NA,NA,NA,NA,1,NA,NA,NA,NA,NA,NA,1,NA,1,1,1,1,NA,NA,NA,1,1,1,1,1,1,1,1,1,1,1,NA,1,1,NA,NA,NA,NA,1,NA,NA,NA,1,1,1,1,1,1,NA,1,NA,1,1
"260","Cluster392",NA,NA,NA,NA,1,NA,NA,1,NA,1,1,NA,1,NA,NA,1,NA,NA,NA,NA,NA,NA,NA,NA,NA,NA,NA,NA,NA,NA,NA,NA,NA,NA,NA,NA,NA,NA,NA,NA,NA,NA,NA,NA,NA,NA,NA,NA,NA,NA,NA,NA,NA,NA,NA,NA,NA,NA,NA,NA,NA,NA
"261","Cluster325",NA,NA,NA,NA,1,NA,NA,NA,NA,NA,NA,NA,NA,NA,NA,1,NA,NA,NA,NA,NA,NA,NA,NA,NA,NA,NA,NA,NA,NA,1,NA,NA,NA,NA,NA,NA,NA,NA,1,NA,NA,NA,NA,NA,NA,NA,NA,NA,NA,NA,NA,NA,NA,NA,NA,NA,1,NA,NA,NA,NA
"262","Cluster133",NA,NA,NA,NA,1,NA,NA,NA,NA,NA,1,NA,NA,NA,NA,NA,NA,NA,NA,NA,NA,NA,NA,NA,NA,NA,NA,1,NA,NA,NA,1,NA,NA,NA,NA,NA,NA,NA,NA,NA,NA,NA,NA,1,NA,NA,NA,NA,NA,NA,1,NA,NA,NA,NA,NA,NA,NA,NA,NA,NA
"263","Cluster444",NA,NA,NA,NA,1,NA,NA,NA,NA,NA,NA,NA,NA,1,NA,NA,NA,NA,1,NA,1,NA,NA,1,1,1,1,NA,NA,1,1,NA,1,NA,NA,NA,1,1,NA,NA,NA,1,1,NA,NA,NA,NA,1,NA,NA,NA,NA,1,1,NA,NA,NA,NA,1,NA,NA,1
"264","Cluster224",NA,NA,NA,NA,1,NA,NA,NA,NA,NA,NA,NA,NA,NA,NA,NA,NA,NA,1,1,1,NA,1,1,1,1,1,NA,NA,1,1,1,1,1,NA,1,1,NA,NA,1,NA,NA,1,NA,NA,NA,1,1,NA,1,NA,1,1,1,NA,NA,1,NA,1,1,1,1
"265","Cluster376",NA,NA,NA,NA,1,1,NA,1,NA,NA,NA,NA,1,1,NA,NA,NA,NA,NA,NA,NA,NA,NA,NA,NA,NA,NA,NA,NA,NA,NA,NA,NA,NA,NA,NA,NA,NA,NA,NA,NA,1,NA,NA,NA,NA,NA,NA,NA,NA,NA,NA,NA,NA,NA,NA,NA,NA,NA,NA,NA,1
"266","Cluster311",NA,NA,NA,NA,1,NA,NA,NA,NA,NA,NA,1,NA,1,NA,NA,NA,NA,1,1,NA,NA,NA,1,NA,NA,NA,NA,NA,NA,1,NA,1,NA,NA,NA,NA,NA,NA,NA,NA,NA,1,NA,NA,NA,NA,NA,NA,NA,NA,NA,NA,NA,NA,NA,1,NA,NA,NA,NA,NA
"267","Cluster60",NA,NA,NA,NA,1,1,1,1,1,NA,NA,NA,1,NA,NA,NA,NA,NA,NA,NA,NA,NA,NA,NA,NA,NA,NA,NA,NA,NA,NA,NA,NA,NA,NA,NA,NA,NA,NA,NA,NA,NA,NA,NA,NA,NA,NA,NA,NA,NA,NA,NA,NA,NA,NA,NA,NA,NA,NA,NA,NA,NA
"268","Cluster436",NA,NA,NA,NA,1,1,1,1,NA,NA,NA,NA,NA,NA,NA,NA,NA,1,NA,1,NA,NA,NA,NA,NA,NA,NA,NA,NA,1,1,NA,NA,NA,NA,NA,1,1,1,NA,NA,1,1,NA,NA,NA,NA,1,NA,NA,NA,NA,NA,NA,NA,NA,NA,1,1,1,NA,1
"269","Cluster173",NA,NA,NA,NA,1,NA,NA,1,NA,NA,NA,1,NA,1,NA,NA,NA,NA,NA,NA,NA,NA,NA,NA,NA,NA,NA,NA,NA,NA,NA,NA,NA,1,NA,1,NA,NA,1,NA,1,NA,NA,NA,NA,NA,NA,NA,NA,NA,NA,NA,NA,NA,1,1,NA,NA,NA,NA,1,NA
"270","Cluster129",NA,NA,NA,NA,1,NA,NA,NA,NA,NA,NA,NA,NA,1,NA,NA,NA,NA,NA,1,NA,NA,NA,NA,NA,NA,NA,NA,NA,NA,NA,NA,NA,NA,1,NA,NA,NA,NA,NA,NA,NA,NA,NA,NA,NA,NA,NA,NA,NA,NA,NA,NA,NA,NA,NA,NA,NA,NA,NA,NA,NA
"271","Cluster239",NA,NA,NA,NA,1,NA,NA,NA,NA,NA,NA,NA,1,NA,NA,1,NA,NA,NA,NA,NA,NA,NA,NA,NA,NA,NA,NA,NA,NA,NA,NA,NA,NA,NA,NA,NA,NA,NA,NA,NA,NA,NA,NA,NA,NA,NA,NA,NA,NA,NA,NA,NA,NA,NA,NA,NA,NA,NA,NA,NA,NA
"272","Cluster443",NA,NA,NA,NA,NA,1,NA,NA,NA,NA,NA,NA,NA,NA,NA,NA,NA,NA,NA,NA,NA,NA,NA,NA,NA,NA,NA,NA,NA,NA,NA,NA,NA,NA,NA,NA,NA,NA,NA,NA,NA,NA,NA,NA,NA,NA,NA,NA,NA,1,NA,NA,NA,NA,NA,NA,NA,NA,NA,NA,NA,NA
"273","Cluster398",NA,NA,NA,NA,NA,1,NA,NA,NA,NA,NA,1,NA,NA,NA,NA,NA,NA,NA,NA,NA,NA,NA,NA,NA,NA,NA,NA,NA,NA,NA,NA,NA,1,NA,1,NA,NA,NA,NA,NA,NA,NA,NA,NA,NA,NA,NA,NA,NA,NA,1,NA,NA,NA,1,NA,NA,NA,NA,1,NA
"274","Cluster205",NA,NA,NA,NA,NA,1,NA,NA,NA,NA,NA,1,NA,NA,NA,NA,NA,NA,NA,NA,NA,NA,NA,NA,NA,NA,NA,NA,NA,NA,NA,NA,NA,NA,NA,NA,NA,1,NA,NA,NA,NA,NA,NA,NA,NA,NA,NA,NA,NA,NA,NA,NA,NA,NA,NA,1,NA,NA,NA,NA,NA
"275","Cluster318",NA,NA,NA,NA,NA,1,NA,NA,1,NA,NA,NA,NA,NA,NA,NA,NA,NA,NA,NA,NA,NA,NA,NA,NA,NA,NA,NA,NA,NA,NA,NA,NA,NA,NA,NA,NA,NA,NA,NA,NA,NA,NA,NA,NA,NA,NA,NA,NA,NA,NA,NA,NA,NA,NA,NA,NA,NA,NA,NA,NA,NA
"276","Cluster94",NA,NA,NA,NA,NA,1,NA,NA,NA,NA,NA,NA,NA,NA,NA,NA,NA,NA,NA,NA,NA,1,NA,NA,NA,NA,NA,NA,NA,1,NA,NA,NA,NA,NA,NA,NA,NA,1,NA,NA,1,NA,NA,NA,NA,1,1,NA,NA,1,1,1,NA,NA,NA,NA,NA,NA,NA,NA,1
"277","Cluster446",NA,NA,NA,NA,NA,1,NA,NA,NA,NA,NA,NA,NA,NA,NA,NA,NA,NA,NA,NA,NA,NA,NA,NA,NA,NA,NA,NA,NA,NA,NA,NA,NA,NA,NA,NA,NA,NA,NA,NA,NA,NA,NA,NA,NA,NA,NA,NA,NA,NA,NA,1,NA,NA,NA,NA,NA,NA,NA,NA,NA,NA
"278","Cluster72",NA,NA,NA,NA,NA,1,NA,NA,1,NA,NA,1,NA,NA,NA,NA,1,NA,NA,NA,NA,1,1,NA,NA,NA,NA,1,NA,NA,NA,NA,NA,NA,1,NA,NA,NA,NA,1,NA,NA,NA,NA,1,NA,1,NA,NA,1,NA,1,NA,NA,NA,NA,NA,NA,NA,NA,NA,NA
"279","Cluster108",NA,NA,NA,NA,NA,1,NA,NA,NA,NA,1,1,NA,NA,NA,NA,NA,NA,NA,1,NA,NA,NA,NA,NA,NA,NA,1,NA,NA,NA,NA,NA,NA,NA,NA,NA,1,1,NA,NA,NA,NA,NA,NA,NA,NA,NA,NA,NA,1,1,NA,NA,1,NA,1,1,NA,NA,NA,NA
"280","Cluster410",NA,NA,NA,NA,NA,1,1,NA,1,1,1,1,NA,NA,NA,NA,NA,1,NA,NA,NA,NA,NA,NA,NA,NA,NA,NA,NA,NA,NA,NA,NA,NA,NA,NA,NA,NA,NA,NA,NA,NA,NA,NA,NA,NA,NA,NA,NA,NA,NA,NA,NA,NA,NA,NA,NA,NA,NA,NA,NA,NA
"281","Cluster377",NA,NA,NA,NA,NA,1,NA,NA,NA,NA,NA,NA,1,NA,NA,NA,1,NA,NA,NA,NA,NA,NA,NA,NA,NA,NA,NA,NA,NA,NA,NA,NA,NA,NA,NA,NA,NA,NA,NA,NA,NA,NA,NA,NA,NA,NA,NA,NA,NA,1,NA,NA,NA,NA,NA,NA,NA,NA,NA,NA,NA
"282","Cluster359",NA,NA,NA,NA,NA,1,1,NA,NA,NA,NA,NA,NA,NA,NA,NA,NA,NA,NA,NA,NA,NA,NA,NA,NA,NA,NA,NA,NA,NA,NA,NA,NA,NA,NA,NA,NA,NA,NA,NA,NA,NA,NA,NA,NA,NA,NA,NA,NA,NA,NA,NA,NA,NA,NA,NA,NA,NA,1,NA,1,1
"283","Cluster249",NA,NA,NA,NA,NA,1,1,NA,NA,NA,NA,1,NA,1,NA,1,NA,1,NA,NA,NA,NA,NA,1,NA,1,NA,NA,1,NA,NA,NA,NA,1,NA,1,NA,1,1,1,NA,NA,1,NA,NA,NA,1,NA,NA,1,NA,1,NA,NA,1,NA,NA,NA,NA,NA,1,NA
"284","Cluster159",NA,NA,NA,NA,NA,1,1,NA,NA,NA,NA,NA,NA,NA,NA,NA,NA,1,NA,1,NA,NA,NA,NA,1,1,NA,NA,NA,NA,1,NA,1,NA,NA,NA,1,1,1,NA,NA,NA,1,NA,NA,NA,NA,NA,NA,NA,NA,NA,NA,NA,NA,NA,NA,NA,1,1,NA,1
"285","Cluster299",NA,NA,NA,NA,NA,1,NA,1,NA,NA,1,NA,1,1,NA,NA,NA,NA,NA,NA,NA,NA,NA,NA,NA,NA,NA,NA,NA,NA,NA,NA,NA,NA,NA,NA,NA,NA,NA,NA,NA,NA,NA,NA,NA,NA,NA,NA,NA,NA,NA,NA,NA,NA,NA,NA,NA,NA,NA,NA,NA,NA
"286","Cluster218",NA,NA,NA,NA,NA,1,1,NA,1,1,1,1,NA,1,1,NA,1,1,NA,1,NA,NA,NA,NA,NA,NA,1,1,NA,NA,NA,NA,NA,NA,NA,NA,NA,1,NA,NA,NA,NA,NA,1,NA,NA,NA,NA,NA,NA,NA,NA,NA,NA,NA,1,1,1,NA,NA,NA,NA
"287","Cluster225",NA,NA,NA,NA,NA,1,NA,1,1,NA,NA,1,NA,NA,NA,1,1,1,1,NA,1,NA,NA,NA,1,1,NA,NA,1,1,1,NA,1,1,1,NA,1,NA,1,NA,NA,1,1,1,NA,1,NA,1,1,1,NA,NA,1,1,NA,NA,NA,NA,1,NA,NA,1
"288","Cluster433",NA,NA,NA,NA,NA,1,1,NA,NA,NA,NA,NA,NA,NA,NA,NA,NA,NA,NA,NA,NA,NA,NA,NA,NA,NA,NA,NA,NA,NA,NA,NA,NA,NA,NA,NA,NA,NA,NA,NA,NA,NA,NA,NA,NA,NA,NA,NA,NA,NA,NA,NA,NA,NA,NA,NA,NA,NA,NA,NA,NA,NA
"289","Cluster412",NA,NA,NA,NA,NA,1,1,NA,1,NA,1,NA,NA,1,NA,NA,1,NA,NA,1,NA,NA,NA,NA,NA,NA,NA,NA,NA,NA,NA,NA,NA,1,NA,NA,NA,NA,NA,NA,NA,NA,NA,NA,NA,NA,NA,NA,NA,1,NA,NA,NA,NA,NA,NA,NA,NA,NA,NA,NA,NA
"290","Cluster445",NA,NA,NA,NA,NA,1,1,NA,NA,NA,NA,1,NA,1,NA,NA,NA,NA,NA,NA,NA,NA,NA,NA,NA,NA,NA,NA,NA,NA,NA,NA,NA,NA,NA,NA,NA,NA,NA,NA,NA,NA,NA,NA,NA,NA,NA,NA,NA,NA,NA,NA,NA,NA,NA,NA,NA,NA,NA,NA,NA,NA
"291","Cluster490",NA,NA,NA,NA,NA,1,1,1,NA,1,1,NA,1,NA,1,NA,1,NA,NA,NA,NA,1,NA,NA,NA,NA,1,1,1,NA,NA,1,NA,1,NA,NA,NA,1,1,NA,NA,NA,1,1,NA,NA,NA,NA,1,NA,1,NA,NA,NA,NA,1,1,NA,NA,1,1,NA
"292","Cluster213",NA,NA,NA,NA,NA,1,1,NA,NA,NA,NA,NA,1,NA,NA,NA,NA,NA,NA,NA,NA,NA,NA,1,NA,1,NA,NA,NA,NA,NA,NA,NA,NA,NA,NA,NA,NA,NA,NA,NA,NA,NA,NA,NA,NA,NA,NA,NA,1,NA,NA,NA,NA,NA,NA,NA,NA,NA,NA,NA,NA
"293","Cluster123",NA,NA,NA,NA,NA,1,NA,NA,NA,NA,NA,NA,NA,NA,NA,NA,NA,NA,NA,NA,NA,NA,NA,NA,NA,NA,NA,NA,NA,NA,NA,NA,NA,NA,NA,NA,NA,1,NA,NA,NA,NA,NA,NA,NA,NA,NA,NA,NA,NA,NA,1,NA,NA,NA,NA,NA,NA,NA,NA,NA,NA
"294","Cluster143",NA,NA,NA,NA,NA,1,1,NA,NA,NA,NA,NA,NA,NA,NA,NA,NA,NA,NA,NA,NA,NA,NA,NA,NA,NA,NA,NA,NA,NA,NA,NA,NA,1,NA,NA,NA,NA,NA,NA,NA,NA,NA,NA,NA,NA,NA,NA,NA,NA,NA,NA,NA,NA,NA,NA,NA,NA,NA,NA,NA,NA
"295","Cluster146",NA,NA,NA,NA,NA,1,NA,NA,NA,NA,NA,NA,NA,1,NA,NA,NA,NA,NA,1,NA,NA,NA,NA,NA,NA,NA,NA,NA,NA,NA,NA,NA,NA,NA,NA,NA,NA,NA,NA,NA,NA,NA,NA,NA,NA,NA,NA,NA,NA,NA,NA,NA,NA,1,NA,NA,NA,NA,NA,NA,NA
"296","Cluster300",NA,NA,NA,NA,NA,NA,1,NA,NA,NA,NA,NA,NA,NA,1,NA,NA,NA,NA,NA,NA,NA,NA,NA,NA,NA,NA,NA,NA,NA,NA,NA,NA,NA,NA,NA,NA,NA,NA,NA,NA,NA,NA,NA,NA,NA,NA,NA,NA,NA,NA,NA,NA,NA,NA,NA,NA,NA,NA,NA,NA,NA
"297","Cluster59",NA,NA,NA,NA,NA,NA,1,NA,NA,NA,NA,NA,1,NA,1,NA,NA,NA,NA,1,NA,NA,NA,NA,NA,NA,NA,NA,NA,NA,NA,NA,NA,NA,NA,1,NA,1,NA,NA,1,NA,NA,NA,NA,NA,NA,NA,1,NA,1,1,NA,NA,1,1,1,NA,NA,NA,NA,NA
"298","Cluster204",NA,NA,NA,NA,NA,NA,1,NA,NA,NA,NA,NA,NA,NA,1,NA,NA,NA,NA,1,NA,NA,NA,NA,NA,NA,NA,NA,NA,NA,NA,NA,NA,NA,NA,NA,NA,1,NA,NA,1,NA,NA,NA,NA,NA,NA,NA,NA,NA,NA,1,NA,NA,1,1,1,NA,NA,NA,NA,NA
"299","Cluster71",NA,NA,NA,NA,NA,NA,1,NA,NA,NA,NA,NA,NA,NA,1,NA,NA,NA,NA,NA,NA,NA,NA,NA,NA,NA,NA,NA,NA,NA,NA,NA,NA,NA,NA,1,NA,1,NA,NA,1,NA,NA,NA,NA,NA,NA,NA,NA,NA,1,1,NA,NA,1,1,1,NA,NA,NA,NA,NA
"300","Cluster387",NA,NA,NA,NA,NA,NA,1,NA,NA,NA,NA,NA,NA,NA,NA,NA,NA,NA,1,1,NA,NA,NA,NA,NA,1,NA,1,1,1,1,NA,NA,1,NA,NA,NA,1,1,1,NA,NA,NA,1,NA,NA,1,NA,1,NA,NA,1,NA,NA,1,NA,NA,NA,NA,NA,1,NA
"301","Cluster506",NA,NA,NA,NA,NA,NA,1,1,NA,NA,NA,NA,NA,NA,NA,NA,NA,NA,NA,NA,NA,NA,NA,NA,NA,NA,NA,NA,NA,NA,NA,NA,NA,NA,NA,NA,NA,1,NA,NA,NA,NA,NA,NA,NA,NA,NA,NA,NA,NA,NA,1,NA,NA,1,NA,NA,NA,NA,NA,NA,NA
"302","Cluster320",NA,NA,NA,NA,NA,NA,1,NA,NA,NA,NA,NA,NA,NA,NA,NA,NA,NA,NA,1,NA,NA,NA,NA,NA,NA,NA,NA,NA,NA,NA,NA,NA,NA,NA,NA,NA,1,NA,NA,NA,NA,NA,NA,NA,NA,NA,NA,NA,NA,NA,1,NA,NA,NA,1,NA,NA,NA,NA,NA,NA
"303","Cluster95",NA,NA,NA,NA,NA,NA,1,NA,NA,NA,NA,NA,NA,NA,NA,NA,NA,NA,NA,NA,NA,NA,NA,NA,NA,1,NA,NA,NA,NA,NA,NA,NA,NA,NA,NA,NA,1,NA,NA,NA,NA,NA,NA,NA,NA,1,NA,NA,NA,NA,NA,NA,NA,NA,NA,NA,1,NA,NA,NA,NA
"304","Cluster90",NA,NA,NA,NA,NA,NA,1,1,NA,NA,NA,NA,NA,NA,NA,NA,1,NA,NA,NA,NA,NA,1,NA,1,1,NA,NA,1,1,1,NA,NA,1,NA,NA,NA,NA,NA,NA,NA,NA,NA,NA,NA,NA,1,NA,1,NA,1,1,NA,NA,1,NA,1,1,NA,NA,NA,NA
"305","Cluster25",NA,NA,NA,NA,NA,NA,1,NA,NA,NA,NA,NA,NA,NA,NA,NA,NA,NA,NA,NA,1,NA,1,NA,1,1,NA,NA,1,1,NA,1,1,NA,NA,NA,1,NA,NA,NA,NA,NA,NA,NA,NA,NA,1,1,1,NA,NA,NA,1,1,NA,NA,NA,1,1,NA,NA,NA
"306","Cluster6",NA,NA,NA,NA,NA,NA,1,NA,NA,NA,NA,NA,NA,1,1,NA,NA,NA,NA,1,NA,NA,NA,NA,NA,NA,NA,NA,NA,NA,NA,NA,NA,NA,NA,NA,NA,1,NA,NA,NA,NA,NA,NA,NA,NA,NA,NA,NA,NA,NA,NA,NA,NA,1,NA,1,NA,NA,NA,NA,NA
"307","Cluster295",NA,NA,NA,NA,NA,NA,1,1,NA,NA,NA,NA,1,NA,NA,1,NA,NA,NA,NA,NA,NA,NA,NA,NA,NA,NA,NA,NA,NA,NA,NA,NA,NA,NA,NA,NA,NA,NA,NA,NA,NA,NA,NA,NA,NA,NA,NA,NA,NA,NA,NA,NA,NA,NA,NA,NA,NA,NA,NA,NA,NA
"308","Cluster49",NA,NA,NA,NA,NA,NA,1,NA,NA,NA,NA,NA,1,NA,NA,NA,NA,NA,NA,1,NA,NA,NA,NA,NA,NA,NA,NA,NA,NA,NA,NA,NA,NA,NA,1,NA,1,NA,NA,1,NA,NA,NA,NA,NA,NA,NA,NA,1,1,1,NA,NA,NA,1,1,NA,NA,NA,NA,NA
"309","Cluster400",NA,NA,NA,NA,NA,NA,1,NA,NA,NA,NA,NA,NA,NA,NA,NA,NA,NA,NA,NA,NA,NA,NA,NA,NA,1,NA,NA,NA,NA,NA,NA,NA,NA,NA,NA,NA,1,NA,NA,NA,NA,NA,NA,NA,NA,1,NA,NA,NA,NA,NA,NA,NA,1,NA,NA,1,NA,NA,NA,NA
"310","Cluster145",NA,NA,NA,NA,NA,NA,1,NA,NA,NA,NA,NA,1,NA,NA,NA,NA,NA,NA,NA,NA,NA,NA,NA,NA,NA,NA,NA,NA,NA,NA,NA,NA,NA,NA,NA,NA,NA,NA,NA,NA,NA,NA,NA,NA,NA,NA,NA,NA,1,NA,NA,NA,NA,NA,NA,NA,NA,NA,NA,NA,NA
"311","Cluster1",NA,NA,NA,NA,NA,NA,1,NA,NA,NA,NA,NA,NA,1,NA,NA,NA,NA,NA,NA,NA,NA,NA,NA,NA,NA,NA,NA,NA,NA,NA,NA,NA,NA,NA,NA,NA,NA,NA,NA,NA,NA,NA,1,NA,NA,NA,NA,NA,NA,NA,NA,NA,NA,NA,NA,NA,NA,NA,NA,NA,NA
"312","Cluster166",NA,NA,NA,NA,NA,NA,1,NA,NA,NA,NA,NA,NA,NA,NA,NA,NA,NA,NA,NA,NA,1,NA,NA,NA,NA,NA,NA,NA,NA,NA,NA,NA,NA,NA,NA,NA,NA,NA,NA,NA,NA,NA,NA,NA,NA,NA,NA,NA,NA,NA,NA,NA,NA,NA,NA,NA,NA,NA,NA,NA,NA
"313","Cluster195",NA,NA,NA,NA,NA,NA,1,NA,NA,NA,NA,NA,1,NA,NA,NA,NA,NA,1,1,1,NA,NA,NA,NA,NA,NA,NA,NA,1,1,1,1,NA,NA,NA,NA,NA,1,NA,NA,1,1,1,NA,NA,NA,NA,NA,NA,NA,NA,1,1,NA,NA,1,NA,NA,NA,1,1
"314","Cluster248",NA,NA,NA,NA,NA,NA,NA,1,NA,NA,NA,NA,NA,NA,NA,1,NA,NA,NA,NA,NA,NA,NA,NA,NA,NA,NA,NA,NA,NA,NA,NA,NA,NA,NA,NA,NA,NA,NA,NA,NA,NA,NA,NA,NA,NA,NA,NA,NA,NA,NA,NA,NA,NA,NA,NA,NA,NA,NA,NA,NA,NA
"315","Cluster385",NA,NA,NA,NA,NA,NA,NA,1,NA,NA,NA,NA,NA,NA,NA,1,NA,1,NA,NA,NA,NA,NA,NA,NA,NA,NA,NA,NA,NA,NA,NA,NA,NA,NA,NA,NA,NA,NA,NA,NA,NA,NA,1,NA,NA,NA,NA,NA,NA,NA,NA,NA,NA,NA,NA,NA,NA,NA,NA,NA,NA
"316","Cluster115",NA,NA,NA,NA,NA,NA,NA,1,NA,NA,NA,NA,NA,NA,NA,NA,1,1,NA,NA,NA,NA,NA,NA,NA,NA,NA,NA,NA,NA,NA,NA,NA,NA,NA,NA,NA,NA,NA,NA,NA,NA,NA,NA,NA,NA,NA,NA,NA,NA,NA,NA,NA,NA,NA,NA,NA,NA,NA,NA,NA,NA
"317","Cluster183",NA,NA,NA,NA,NA,NA,NA,1,NA,NA,NA,NA,NA,NA,NA,NA,1,NA,NA,NA,NA,NA,NA,NA,NA,NA,NA,1,NA,NA,NA,NA,NA,NA,NA,NA,NA,NA,NA,NA,NA,NA,NA,NA,NA,NA,NA,NA,NA,NA,NA,NA,NA,NA,NA,NA,NA,NA,NA,NA,NA,NA
"318","Cluster313",NA,NA,NA,NA,NA,NA,NA,1,NA,NA,NA,NA,NA,NA,NA,NA,NA,NA,NA,1,NA,1,NA,1,NA,NA,1,1,1,1,NA,NA,NA,NA,NA,1,NA,1,NA,NA,1,NA,NA,1,1,1,1,NA,1,1,1,1,1,NA,NA,NA,NA,1,NA,1,NA,NA
"319","Cluster2",NA,NA,NA,NA,NA,NA,NA,1,NA,NA,NA,NA,NA,NA,NA,NA,NA,NA,NA,NA,NA,NA,NA,NA,NA,NA,NA,NA,NA,NA,NA,NA,NA,NA,NA,NA,NA,NA,NA,NA,NA,NA,NA,1,NA,NA,NA,NA,NA,NA,NA,NA,NA,NA,NA,NA,NA,NA,NA,NA,NA,NA
"320","Cluster475",NA,NA,NA,NA,NA,NA,NA,1,NA,NA,NA,NA,NA,NA,NA,NA,NA,NA,NA,NA,NA,NA,NA,NA,NA,NA,NA,NA,NA,NA,NA,NA,NA,NA,NA,NA,NA,NA,NA,NA,NA,NA,NA,NA,NA,NA,NA,NA,NA,NA,NA,NA,NA,NA,NA,NA,NA,NA,NA,NA,1,NA
"321","Cluster335",NA,NA,NA,NA,NA,NA,NA,1,NA,NA,NA,NA,NA,NA,NA,NA,NA,NA,NA,NA,NA,1,NA,NA,NA,NA,NA,NA,NA,NA,NA,NA,NA,NA,NA,NA,NA,NA,NA,NA,NA,NA,NA,1,NA,NA,NA,NA,NA,NA,NA,NA,NA,NA,NA,NA,NA,NA,NA,NA,1,NA
"322","Cluster413",NA,NA,NA,NA,NA,NA,NA,1,NA,NA,NA,NA,NA,NA,NA,NA,NA,NA,NA,NA,NA,NA,NA,NA,NA,NA,NA,NA,NA,NA,NA,NA,NA,NA,NA,NA,NA,NA,NA,NA,NA,NA,NA,1,1,NA,NA,NA,NA,NA,NA,NA,NA,NA,NA,NA,NA,NA,NA,NA,NA,NA
"323","Cluster450",NA,NA,NA,NA,NA,NA,NA,1,NA,NA,NA,NA,NA,NA,NA,NA,1,NA,NA,NA,NA,NA,NA,NA,NA,NA,NA,NA,NA,NA,NA,NA,NA,NA,NA,NA,NA,NA,NA,NA,NA,NA,NA,NA,NA,NA,NA,NA,NA,NA,NA,NA,NA,NA,NA,NA,NA,NA,NA,NA,NA,NA
"324","Cluster23",NA,NA,NA,NA,NA,NA,NA,1,NA,NA,NA,1,NA,NA,NA,1,1,NA,1,NA,1,1,NA,NA,1,NA,NA,NA,NA,1,1,NA,1,NA,NA,NA,1,1,1,1,NA,1,1,NA,1,1,NA,1,NA,NA,NA,NA,1,1,NA,NA,NA,NA,1,1,1,1
"325","Cluster29",NA,NA,NA,NA,NA,NA,NA,NA,1,NA,1,NA,NA,NA,NA,NA,NA,NA,NA,NA,NA,NA,NA,NA,NA,NA,NA,NA,NA,NA,NA,NA,NA,NA,NA,NA,NA,NA,NA,NA,NA,NA,NA,NA,NA,NA,NA,NA,NA,NA,NA,NA,NA,NA,NA,NA,NA,NA,NA,NA,NA,NA
"326","Cluster227",NA,NA,NA,NA,NA,NA,NA,NA,1,NA,NA,NA,NA,NA,NA,NA,NA,NA,NA,NA,NA,NA,NA,NA,NA,NA,NA,NA,NA,NA,NA,NA,NA,1,NA,NA,NA,NA,NA,NA,1,NA,NA,NA,NA,NA,NA,NA,NA,NA,NA,1,NA,NA,NA,NA,NA,NA,NA,NA,1,NA
"327","Cluster488",NA,NA,NA,NA,NA,NA,NA,NA,1,NA,NA,1,NA,NA,NA,1,NA,1,NA,NA,NA,NA,1,1,1,NA,NA,NA,NA,1,1,NA,1,NA,1,1,1,NA,NA,1,NA,1,1,NA,NA,NA,NA,NA,1,NA,NA,1,1,1,1,NA,NA,1,NA,NA,NA,NA
"328","Cluster38",NA,NA,NA,NA,NA,NA,NA,NA,1,NA,1,NA,1,NA,NA,NA,NA,NA,NA,NA,NA,NA,NA,NA,NA,NA,NA,NA,NA,NA,NA,NA,NA,NA,NA,NA,NA,NA,NA,NA,NA,NA,NA,NA,NA,NA,NA,NA,NA,NA,NA,NA,NA,NA,NA,NA,NA,NA,NA,NA,NA,NA
"329","Cluster118",NA,NA,NA,NA,NA,NA,NA,NA,1,NA,NA,NA,NA,1,NA,NA,NA,NA,NA,NA,NA,NA,NA,NA,NA,NA,NA,NA,NA,NA,NA,NA,NA,NA,NA,NA,NA,NA,NA,NA,NA,NA,NA,NA,NA,NA,NA,NA,NA,NA,NA,NA,NA,NA,NA,NA,NA,NA,NA,NA,NA,NA
"330","Cluster116",NA,NA,NA,NA,NA,NA,NA,NA,1,1,NA,NA,1,1,NA,NA,NA,NA,NA,NA,NA,NA,NA,NA,NA,NA,NA,NA,NA,NA,NA,NA,NA,NA,NA,NA,NA,NA,NA,NA,NA,NA,NA,NA,NA,NA,NA,NA,NA,NA,NA,NA,NA,NA,NA,NA,NA,NA,NA,NA,NA,NA
"331","Cluster317",NA,NA,NA,NA,NA,NA,NA,NA,NA,1,NA,NA,NA,NA,NA,NA,NA,NA,NA,NA,NA,NA,NA,NA,NA,NA,NA,NA,NA,NA,NA,1,NA,NA,NA,NA,NA,NA,NA,NA,1,NA,NA,NA,NA,NA,NA,NA,NA,NA,NA,NA,NA,NA,NA,NA,NA,NA,NA,NA,NA,NA
"332","Cluster40",NA,NA,NA,NA,NA,NA,NA,NA,NA,1,NA,NA,NA,NA,NA,NA,NA,NA,NA,NA,NA,NA,NA,NA,NA,NA,NA,NA,NA,NA,NA,NA,NA,NA,NA,NA,NA,NA,NA,NA,NA,NA,NA,NA,1,NA,NA,NA,NA,NA,NA,NA,NA,NA,NA,NA,NA,NA,NA,NA,NA,NA
"333","Cluster498",NA,NA,NA,NA,NA,NA,NA,NA,NA,1,NA,NA,NA,NA,NA,NA,NA,NA,NA,NA,NA,1,NA,NA,NA,1,NA,NA,NA,NA,NA,NA,NA,1,NA,NA,NA,NA,NA,NA,NA,NA,NA,NA,NA,NA,NA,NA,NA,1,NA,NA,NA,NA,NA,NA,1,NA,NA,NA,NA,NA
"334","Cluster364",NA,NA,NA,NA,NA,NA,NA,NA,NA,1,NA,NA,NA,NA,NA,NA,NA,NA,NA,1,NA,NA,NA,NA,NA,NA,NA,NA,NA,NA,NA,NA,NA,NA,NA,NA,NA,NA,NA,NA,NA,NA,NA,NA,NA,NA,NA,NA,NA,NA,NA,NA,NA,NA,NA,NA,NA,NA,NA,1,NA,NA
"335","Cluster203",NA,NA,NA,NA,NA,NA,NA,NA,NA,1,NA,NA,NA,1,1,NA,NA,NA,NA,NA,NA,NA,NA,NA,NA,NA,NA,NA,NA,NA,NA,NA,NA,NA,NA,NA,NA,1,NA,NA,NA,NA,NA,NA,NA,NA,NA,NA,NA,NA,NA,NA,NA,NA,NA,NA,NA,NA,NA,NA,NA,NA
"336","Cluster310",NA,NA,NA,NA,NA,NA,NA,NA,NA,1,1,NA,NA,NA,1,1,1,1,NA,NA,NA,NA,NA,NA,NA,NA,NA,NA,NA,NA,NA,NA,NA,NA,NA,NA,NA,NA,NA,NA,NA,NA,NA,NA,NA,NA,NA,NA,NA,NA,NA,NA,NA,NA,NA,NA,1,NA,NA,NA,NA,NA
"337","Cluster394",NA,NA,NA,NA,NA,NA,NA,NA,NA,1,NA,NA,1,NA,NA,NA,NA,NA,NA,NA,NA,NA,NA,NA,NA,NA,NA,NA,NA,NA,NA,NA,NA,NA,NA,NA,NA,NA,NA,NA,NA,NA,NA,NA,NA,NA,NA,NA,NA,NA,NA,NA,NA,NA,NA,NA,NA,NA,NA,NA,NA,NA
"338","Cluster290",NA,NA,NA,NA,NA,NA,NA,NA,NA,1,1,NA,1,NA,1,NA,NA,1,NA,NA,NA,NA,NA,NA,NA,NA,NA,NA,NA,NA,NA,NA,NA,NA,NA,NA,NA,NA,NA,NA,NA,NA,NA,NA,NA,NA,NA,NA,NA,NA,NA,NA,NA,NA,NA,NA,NA,NA,NA,NA,NA,NA
"339","Cluster287",NA,NA,NA,NA,NA,NA,NA,NA,NA,1,1,NA,NA,1,NA,NA,NA,NA,NA,NA,NA,NA,NA,NA,NA,NA,NA,NA,NA,NA,NA,1,NA,NA,NA,NA,NA,NA,NA,NA,NA,NA,NA,NA,NA,NA,NA,NA,NA,NA,1,NA,NA,NA,1,NA,NA,NA,NA,NA,NA,NA
"340","Cluster113",NA,NA,NA,NA,NA,NA,NA,NA,NA,NA,1,1,1,NA,NA,NA,NA,NA,NA,NA,NA,NA,NA,NA,NA,NA,NA,NA,NA,NA,NA,NA,NA,NA,NA,NA,NA,NA,NA,NA,NA,NA,NA,NA,NA,NA,NA,NA,NA,NA,NA,NA,NA,NA,NA,NA,NA,NA,NA,NA,NA,NA
"341","Cluster350",NA,NA,NA,NA,NA,NA,NA,NA,NA,NA,1,NA,NA,NA,NA,NA,NA,NA,NA,NA,NA,NA,NA,NA,NA,NA,NA,NA,NA,NA,NA,NA,NA,NA,NA,NA,NA,NA,NA,NA,NA,NA,NA,NA,NA,NA,NA,NA,NA,NA,NA,NA,NA,NA,NA,NA,1,NA,NA,NA,NA,NA
"342","Cluster437",NA,NA,NA,NA,NA,NA,NA,NA,NA,NA,1,NA,NA,NA,NA,NA,NA,NA,NA,1,NA,NA,NA,NA,NA,NA,NA,NA,NA,NA,NA,NA,NA,NA,NA,NA,NA,NA,NA,NA,NA,NA,NA,NA,NA,NA,NA,NA,NA,NA,NA,NA,NA,NA,NA,NA,NA,NA,NA,NA,1,NA
"343","Cluster186",NA,NA,NA,NA,NA,NA,NA,NA,NA,NA,1,NA,NA,NA,NA,NA,NA,NA,NA,NA,NA,NA,NA,NA,NA,NA,1,NA,NA,NA,NA,NA,NA,NA,NA,NA,NA,1,NA,NA,NA,NA,NA,NA,NA,NA,NA,NA,NA,NA,NA,NA,NA,NA,NA,NA,NA,NA,NA,NA,NA,NA
"344","Cluster247",NA,NA,NA,NA,NA,NA,NA,NA,NA,NA,1,NA,NA,NA,NA,NA,NA,NA,NA,NA,NA,NA,NA,NA,NA,NA,NA,NA,NA,NA,NA,NA,NA,NA,NA,NA,NA,1,NA,NA,NA,NA,NA,NA,NA,NA,NA,NA,NA,NA,NA,NA,NA,NA,NA,NA,1,NA,NA,NA,NA,NA
"345","Cluster349",NA,NA,NA,NA,NA,NA,NA,NA,NA,NA,1,NA,NA,NA,NA,1,NA,NA,NA,NA,NA,NA,NA,NA,NA,NA,NA,NA,NA,NA,NA,NA,NA,NA,NA,NA,NA,NA,NA,NA,NA,NA,NA,NA,NA,NA,NA,NA,NA,NA,NA,NA,NA,NA,NA,NA,1,NA,NA,NA,NA,NA
"346","Cluster37",NA,NA,NA,NA,NA,NA,NA,NA,NA,NA,1,NA,1,NA,NA,NA,NA,NA,NA,NA,NA,NA,NA,NA,NA,NA,NA,NA,NA,NA,NA,NA,NA,NA,NA,NA,NA,NA,NA,NA,NA,NA,NA,NA,NA,NA,NA,NA,NA,NA,NA,NA,NA,NA,NA,NA,1,NA,NA,NA,NA,NA
"347","Cluster26",NA,NA,NA,NA,NA,NA,NA,NA,NA,NA,1,1,NA,NA,NA,NA,NA,NA,NA,NA,NA,NA,NA,NA,NA,NA,NA,NA,NA,1,1,NA,1,NA,NA,NA,NA,NA,NA,NA,NA,NA,1,NA,NA,NA,NA,NA,NA,NA,NA,NA,NA,1,NA,NA,NA,NA,NA,NA,NA,NA
"348","Cluster283",NA,NA,NA,NA,NA,NA,NA,NA,NA,NA,1,NA,NA,NA,NA,NA,NA,NA,NA,NA,NA,NA,NA,NA,NA,NA,NA,NA,NA,NA,NA,NA,NA,NA,NA,NA,NA,NA,NA,NA,NA,NA,NA,NA,NA,NA,NA,NA,NA,NA,NA,NA,NA,1,NA,1,NA,NA,NA,NA,NA,NA
"349","Cluster35",NA,NA,NA,NA,NA,NA,NA,NA,NA,NA,1,NA,1,NA,NA,NA,NA,NA,NA,NA,NA,NA,NA,NA,NA,NA,NA,NA,NA,NA,NA,NA,NA,NA,NA,NA,NA,NA,NA,NA,NA,NA,NA,1,NA,NA,NA,NA,NA,NA,NA,NA,NA,NA,NA,NA,1,NA,NA,NA,NA,NA
"350","Cluster301",NA,NA,NA,NA,NA,NA,NA,NA,NA,NA,1,1,1,NA,NA,NA,1,NA,NA,1,NA,1,NA,NA,NA,1,NA,1,NA,NA,NA,NA,NA,NA,NA,NA,NA,NA,NA,NA,NA,NA,NA,NA,NA,NA,1,NA,NA,NA,NA,NA,NA,NA,NA,NA,NA,NA,NA,NA,1,NA
"351","Cluster345",NA,NA,NA,NA,NA,NA,NA,NA,NA,NA,1,NA,NA,NA,NA,NA,NA,NA,NA,NA,NA,NA,NA,NA,NA,NA,NA,NA,NA,NA,NA,NA,NA,NA,NA,NA,NA,1,NA,NA,NA,NA,NA,NA,NA,NA,NA,NA,NA,NA,NA,NA,NA,NA,NA,NA,NA,NA,NA,NA,NA,NA
"352","Cluster390",NA,NA,NA,NA,NA,NA,NA,NA,NA,NA,1,1,1,NA,NA,NA,NA,1,NA,NA,NA,NA,NA,NA,NA,NA,NA,NA,NA,NA,NA,NA,NA,NA,NA,NA,NA,NA,NA,NA,NA,NA,NA,NA,NA,NA,NA,NA,NA,NA,NA,NA,NA,NA,NA,NA,NA,NA,NA,NA,NA,NA
"353","Cluster244",NA,NA,NA,NA,NA,NA,NA,NA,NA,NA,1,1,NA,1,NA,NA,NA,NA,NA,NA,NA,NA,NA,NA,NA,NA,NA,NA,NA,NA,NA,NA,NA,NA,NA,NA,NA,1,NA,NA,NA,NA,NA,NA,NA,NA,NA,NA,NA,NA,NA,NA,NA,NA,NA,NA,1,NA,NA,NA,NA,NA
"354","Cluster492",NA,NA,NA,NA,NA,NA,NA,NA,NA,NA,1,NA,1,NA,NA,NA,NA,NA,NA,NA,NA,NA,NA,NA,NA,NA,NA,NA,NA,NA,NA,NA,NA,NA,NA,NA,NA,NA,NA,NA,NA,NA,NA,NA,NA,NA,NA,NA,NA,NA,NA,NA,NA,NA,NA,NA,NA,NA,NA,NA,NA,NA
"355","Cluster344",NA,NA,NA,NA,NA,NA,NA,NA,NA,NA,1,NA,NA,NA,NA,NA,NA,NA,NA,NA,NA,NA,NA,NA,NA,NA,NA,NA,NA,1,NA,NA,NA,NA,NA,NA,NA,NA,NA,NA,NA,NA,NA,1,NA,NA,NA,NA,NA,NA,NA,NA,NA,NA,NA,NA,NA,NA,NA,NA,NA,NA
"356","Cluster46",NA,NA,NA,NA,NA,NA,NA,NA,NA,NA,1,NA,1,1,NA,NA,NA,NA,NA,NA,NA,NA,NA,NA,NA,NA,NA,NA,NA,NA,NA,NA,NA,NA,NA,NA,NA,NA,1,NA,NA,NA,NA,NA,NA,NA,NA,NA,NA,NA,NA,1,NA,NA,1,NA,1,1,NA,1,NA,NA
"357","Cluster269",NA,NA,NA,NA,NA,NA,NA,NA,NA,NA,NA,1,NA,NA,NA,NA,NA,NA,NA,NA,NA,NA,NA,NA,NA,NA,NA,NA,NA,NA,NA,NA,NA,NA,NA,NA,NA,1,NA,NA,NA,NA,NA,NA,NA,NA,NA,NA,NA,NA,NA,NA,NA,NA,NA,NA,NA,NA,NA,NA,NA,NA
"358","Cluster122",NA,NA,NA,NA,NA,NA,NA,NA,NA,NA,NA,1,NA,NA,NA,NA,NA,NA,NA,NA,NA,NA,NA,NA,NA,NA,1,NA,NA,NA,NA,NA,NA,NA,NA,NA,NA,NA,NA,NA,NA,NA,NA,NA,NA,NA,NA,NA,NA,NA,NA,NA,NA,NA,NA,NA,1,NA,NA,NA,NA,NA
"359","Cluster111",NA,NA,NA,NA,NA,NA,NA,NA,NA,NA,NA,1,NA,NA,NA,NA,NA,NA,NA,NA,NA,NA,NA,NA,NA,NA,NA,NA,NA,NA,1,NA,NA,NA,NA,NA,NA,NA,NA,NA,NA,NA,NA,NA,NA,NA,NA,NA,NA,NA,NA,NA,NA,NA,NA,NA,NA,NA,NA,NA,NA,NA
"360","Cluster315",NA,NA,NA,NA,NA,NA,NA,NA,NA,NA,NA,1,NA,NA,NA,NA,NA,NA,NA,NA,NA,NA,NA,NA,NA,NA,NA,NA,NA,NA,NA,NA,NA,NA,NA,NA,NA,1,NA,NA,NA,NA,NA,NA,NA,NA,NA,NA,1,NA,NA,NA,NA,NA,NA,NA,1,1,NA,NA,NA,NA
"361","Cluster347",NA,NA,NA,NA,NA,NA,NA,NA,NA,NA,NA,1,NA,NA,NA,NA,NA,NA,NA,NA,NA,NA,NA,NA,NA,NA,NA,NA,NA,NA,NA,NA,NA,NA,NA,NA,NA,NA,NA,NA,NA,NA,NA,NA,NA,NA,NA,NA,NA,NA,NA,NA,NA,NA,NA,NA,NA,1,NA,NA,NA,NA
"362","Cluster89",NA,NA,NA,NA,NA,NA,NA,NA,NA,NA,NA,1,1,NA,NA,NA,NA,NA,NA,1,1,NA,NA,1,NA,NA,1,1,NA,1,1,1,1,NA,1,NA,1,1,NA,NA,NA,1,1,NA,1,NA,NA,NA,NA,NA,NA,NA,NA,1,NA,1,NA,NA,1,1,NA,NA
"363","Cluster52",NA,NA,NA,NA,NA,NA,NA,NA,NA,NA,NA,1,NA,NA,NA,NA,NA,NA,NA,NA,NA,NA,NA,NA,NA,NA,NA,NA,NA,NA,NA,NA,NA,NA,NA,NA,NA,NA,NA,NA,NA,NA,NA,1,NA,NA,NA,NA,NA,NA,NA,NA,NA,NA,NA,NA,NA,NA,NA,NA,NA,NA
"364","Cluster431",NA,NA,NA,NA,NA,NA,NA,NA,NA,NA,NA,1,NA,NA,NA,NA,NA,NA,NA,NA,NA,NA,NA,NA,NA,NA,NA,NA,NA,NA,NA,NA,NA,NA,NA,NA,NA,NA,NA,NA,NA,NA,NA,1,NA,NA,NA,NA,NA,NA,NA,NA,NA,NA,NA,NA,NA,NA,NA,NA,NA,NA
"365","Cluster430",NA,NA,NA,NA,NA,NA,NA,NA,NA,NA,NA,1,NA,NA,NA,NA,NA,NA,NA,NA,NA,NA,NA,NA,NA,NA,NA,NA,NA,NA,NA,NA,NA,NA,NA,NA,NA,NA,NA,NA,NA,NA,NA,NA,NA,1,NA,NA,NA,NA,NA,NA,NA,NA,NA,NA,NA,1,NA,NA,NA,NA
"366","Cluster215",NA,NA,NA,NA,NA,NA,NA,NA,NA,NA,NA,1,NA,NA,NA,NA,NA,NA,NA,NA,NA,NA,NA,NA,NA,NA,NA,NA,NA,NA,NA,NA,NA,NA,NA,NA,NA,1,NA,NA,NA,NA,NA,NA,NA,NA,NA,NA,NA,NA,NA,NA,NA,NA,NA,NA,NA,NA,NA,NA,NA,NA
"367","Cluster73",NA,NA,NA,NA,NA,NA,NA,NA,NA,NA,NA,1,1,1,NA,NA,NA,NA,NA,1,NA,NA,NA,NA,NA,NA,1,1,1,NA,NA,1,NA,1,NA,1,NA,NA,1,NA,NA,NA,NA,NA,NA,NA,1,NA,NA,NA,NA,1,NA,NA,1,NA,1,NA,NA,NA,NA,NA
"368","Cluster272",NA,NA,NA,NA,NA,NA,NA,NA,NA,NA,NA,1,NA,NA,NA,NA,NA,NA,NA,NA,NA,NA,NA,NA,NA,NA,NA,NA,NA,NA,NA,NA,NA,NA,NA,NA,NA,NA,1,1,NA,NA,NA,NA,NA,NA,NA,NA,NA,NA,NA,NA,NA,NA,NA,NA,NA,NA,NA,NA,NA,NA
"369","Cluster298",NA,NA,NA,NA,NA,NA,NA,NA,NA,NA,NA,NA,1,1,NA,NA,NA,NA,NA,NA,NA,NA,NA,NA,NA,NA,NA,NA,NA,NA,NA,NA,NA,NA,NA,NA,NA,NA,NA,NA,NA,NA,NA,NA,NA,NA,NA,NA,NA,NA,NA,NA,NA,NA,NA,NA,NA,NA,NA,NA,NA,NA
"370","Cluster175",NA,NA,NA,NA,NA,NA,NA,NA,NA,NA,NA,NA,1,NA,NA,NA,NA,NA,1,NA,1,NA,NA,NA,NA,NA,NA,NA,NA,NA,NA,NA,NA,NA,NA,NA,NA,NA,NA,NA,NA,NA,NA,NA,NA,NA,NA,NA,NA,1,NA,NA,NA,NA,NA,NA,1,NA,NA,NA,NA,NA
"371","Cluster314",NA,NA,NA,NA,NA,NA,NA,NA,NA,NA,NA,NA,1,NA,NA,NA,NA,NA,NA,NA,NA,NA,NA,NA,NA,NA,NA,NA,NA,NA,NA,NA,NA,NA,NA,NA,NA,NA,NA,NA,NA,NA,NA,NA,NA,NA,NA,NA,NA,NA,NA,NA,NA,NA,NA,NA,1,NA,NA,NA,NA,NA
"372","Cluster380",NA,NA,NA,NA,NA,NA,NA,NA,NA,NA,NA,NA,1,1,NA,NA,NA,NA,NA,NA,NA,NA,NA,NA,NA,NA,NA,NA,NA,NA,NA,NA,NA,NA,NA,NA,NA,NA,NA,NA,NA,NA,NA,NA,NA,NA,NA,NA,NA,NA,NA,NA,NA,NA,NA,NA,NA,NA,NA,NA,NA,NA
"373","Cluster102",NA,NA,NA,NA,NA,NA,NA,NA,NA,NA,NA,NA,1,1,NA,NA,NA,NA,NA,NA,NA,NA,NA,NA,NA,NA,NA,NA,NA,NA,NA,NA,NA,NA,NA,NA,NA,NA,NA,NA,NA,NA,NA,NA,NA,NA,NA,NA,NA,NA,NA,NA,NA,NA,NA,NA,NA,NA,NA,NA,NA,NA
"374","Cluster374",NA,NA,NA,NA,NA,NA,NA,NA,NA,NA,NA,NA,1,1,NA,NA,NA,NA,NA,NA,NA,NA,NA,NA,NA,NA,NA,NA,NA,NA,NA,NA,NA,NA,NA,NA,NA,NA,NA,NA,NA,NA,NA,NA,NA,NA,NA,NA,NA,NA,NA,NA,NA,NA,NA,NA,NA,NA,NA,NA,NA,NA
"375","Cluster342",NA,NA,NA,NA,NA,NA,NA,NA,NA,NA,NA,NA,1,NA,NA,NA,NA,NA,1,NA,1,NA,NA,NA,1,NA,NA,NA,NA,1,1,NA,1,NA,NA,NA,1,NA,NA,NA,NA,1,1,NA,NA,NA,NA,1,NA,NA,NA,NA,1,1,NA,NA,NA,NA,1,NA,NA,1
"376","Cluster47",NA,NA,NA,NA,NA,NA,NA,NA,NA,NA,NA,NA,1,1,NA,NA,NA,NA,NA,NA,NA,NA,NA,NA,NA,NA,NA,NA,NA,NA,NA,NA,NA,NA,NA,NA,NA,NA,NA,NA,NA,NA,NA,NA,NA,NA,NA,NA,NA,NA,NA,NA,NA,NA,NA,NA,NA,NA,NA,NA,NA,NA
"377","Cluster232",NA,NA,NA,NA,NA,NA,NA,NA,NA,NA,NA,NA,1,NA,NA,NA,NA,NA,NA,NA,NA,NA,NA,NA,NA,NA,NA,NA,NA,NA,NA,NA,NA,NA,NA,NA,NA,NA,NA,NA,NA,1,NA,NA,NA,NA,NA,NA,NA,NA,NA,NA,NA,NA,NA,NA,NA,NA,NA,1,NA,NA
"378","Cluster198",NA,NA,NA,NA,NA,NA,NA,NA,NA,NA,NA,NA,1,1,NA,1,NA,NA,NA,NA,NA,NA,NA,NA,NA,NA,NA,NA,NA,NA,NA,NA,NA,NA,NA,NA,NA,NA,NA,NA,NA,NA,NA,NA,NA,NA,NA,NA,NA,NA,NA,NA,NA,NA,NA,NA,NA,NA,NA,NA,NA,NA
"379","Cluster420",NA,NA,NA,NA,NA,NA,NA,NA,NA,NA,NA,NA,1,NA,NA,NA,NA,NA,1,NA,1,NA,NA,NA,1,NA,NA,NA,NA,1,1,NA,1,NA,NA,NA,1,NA,NA,NA,NA,1,NA,NA,NA,NA,NA,NA,NA,NA,NA,NA,NA,NA,NA,NA,1,NA,NA,NA,NA,NA
"380","Cluster261",NA,NA,NA,NA,NA,NA,NA,NA,NA,NA,NA,NA,1,1,NA,NA,NA,NA,NA,NA,NA,NA,NA,NA,NA,NA,NA,NA,NA,NA,NA,NA,NA,NA,NA,NA,NA,NA,1,NA,NA,NA,NA,NA,1,NA,NA,NA,NA,NA,NA,NA,NA,NA,NA,NA,NA,NA,NA,NA,NA,NA
"381","Cluster136",NA,NA,NA,NA,NA,NA,NA,NA,NA,NA,NA,NA,1,1,NA,NA,NA,NA,NA,NA,NA,NA,NA,NA,NA,NA,NA,NA,NA,NA,NA,NA,NA,NA,NA,NA,NA,NA,NA,NA,NA,NA,NA,NA,NA,NA,NA,NA,NA,NA,NA,NA,NA,NA,NA,NA,NA,NA,NA,NA,NA,NA
"382","Cluster88",NA,NA,NA,NA,NA,NA,NA,NA,NA,NA,NA,NA,1,1,NA,NA,NA,NA,NA,NA,NA,NA,NA,NA,NA,NA,NA,NA,NA,NA,NA,NA,NA,NA,NA,NA,NA,NA,NA,NA,NA,NA,NA,NA,NA,NA,NA,NA,NA,NA,NA,NA,NA,NA,NA,NA,NA,NA,NA,NA,NA,NA
"383","Cluster66",NA,NA,NA,NA,NA,NA,NA,NA,NA,NA,NA,NA,1,NA,NA,NA,NA,NA,NA,NA,NA,NA,NA,NA,NA,NA,NA,NA,NA,NA,NA,NA,NA,NA,NA,NA,NA,NA,NA,NA,NA,NA,NA,NA,NA,NA,NA,NA,NA,NA,1,NA,NA,NA,NA,NA,1,NA,NA,NA,NA,NA
"384","Cluster276",NA,NA,NA,NA,NA,NA,NA,NA,NA,NA,NA,NA,1,NA,NA,NA,NA,NA,NA,NA,NA,NA,NA,NA,NA,NA,NA,NA,NA,NA,NA,NA,NA,NA,NA,NA,NA,NA,NA,NA,NA,NA,NA,1,NA,NA,NA,NA,NA,NA,NA,NA,NA,NA,NA,NA,NA,NA,NA,NA,NA,NA
"385","Cluster209",NA,NA,NA,NA,NA,NA,NA,NA,NA,NA,NA,NA,1,NA,NA,NA,NA,NA,NA,NA,NA,NA,NA,NA,NA,NA,NA,NA,NA,NA,NA,1,NA,NA,NA,NA,NA,NA,NA,NA,NA,NA,NA,NA,NA,NA,NA,NA,NA,NA,NA,NA,NA,NA,NA,NA,NA,NA,NA,NA,NA,NA
"386","Cluster34",NA,NA,NA,NA,NA,NA,NA,NA,NA,NA,NA,NA,1,1,NA,NA,NA,NA,NA,NA,NA,NA,NA,NA,NA,NA,NA,NA,NA,NA,NA,NA,NA,NA,NA,NA,NA,NA,NA,NA,NA,NA,NA,NA,NA,NA,NA,NA,NA,NA,NA,NA,NA,NA,NA,NA,NA,NA,NA,NA,NA,NA
"387","Cluster379",NA,NA,NA,NA,NA,NA,NA,NA,NA,NA,NA,NA,1,NA,NA,NA,NA,NA,NA,NA,NA,NA,NA,NA,NA,NA,NA,NA,NA,NA,NA,NA,NA,NA,NA,NA,NA,NA,NA,NA,NA,NA,NA,NA,NA,NA,NA,NA,NA,NA,NA,NA,NA,NA,NA,NA,NA,NA,NA,1,NA,NA
"388","Cluster245",NA,NA,NA,NA,NA,NA,NA,NA,NA,NA,NA,NA,1,1,NA,NA,NA,NA,NA,NA,NA,NA,NA,NA,NA,NA,NA,NA,NA,NA,NA,NA,NA,NA,NA,NA,NA,NA,NA,NA,NA,NA,NA,NA,NA,NA,NA,NA,NA,NA,NA,NA,NA,NA,NA,NA,NA,NA,NA,NA,NA,NA
"389","Cluster36",NA,NA,NA,NA,NA,NA,NA,NA,NA,NA,NA,NA,1,1,NA,NA,NA,NA,NA,NA,NA,NA,NA,NA,NA,NA,NA,NA,NA,NA,NA,NA,NA,NA,NA,NA,NA,NA,NA,NA,NA,NA,NA,NA,NA,NA,NA,NA,NA,NA,NA,NA,NA,NA,NA,NA,NA,NA,NA,NA,NA,NA
"390","Cluster229",NA,NA,NA,NA,NA,NA,NA,NA,NA,NA,NA,NA,1,NA,NA,NA,NA,NA,1,NA,1,NA,NA,NA,1,NA,NA,NA,NA,1,1,NA,1,NA,NA,NA,1,NA,NA,NA,NA,1,1,NA,NA,NA,NA,1,NA,NA,NA,NA,1,1,NA,NA,NA,NA,1,NA,NA,1
"391","Cluster161",NA,NA,NA,NA,NA,NA,NA,NA,NA,NA,NA,NA,1,NA,NA,NA,NA,NA,1,NA,1,NA,NA,NA,1,NA,NA,NA,NA,1,1,NA,1,NA,NA,NA,1,NA,NA,NA,NA,1,1,NA,NA,NA,NA,1,NA,NA,NA,NA,1,1,NA,NA,1,NA,1,NA,NA,1
"392","Cluster373",NA,NA,NA,NA,NA,NA,NA,NA,NA,NA,NA,NA,1,NA,NA,NA,NA,NA,NA,NA,NA,NA,NA,NA,NA,NA,NA,NA,NA,NA,NA,NA,NA,NA,NA,NA,NA,NA,NA,NA,NA,NA,NA,NA,NA,NA,NA,NA,NA,NA,NA,NA,1,NA,NA,NA,NA,NA,1,NA,NA,1
"393","Cluster351",NA,NA,NA,NA,NA,NA,NA,NA,NA,NA,NA,NA,1,1,NA,NA,NA,NA,NA,NA,NA,NA,NA,NA,NA,NA,NA,NA,NA,NA,NA,NA,NA,NA,NA,NA,NA,NA,NA,NA,NA,NA,NA,NA,NA,NA,NA,NA,NA,NA,NA,NA,NA,NA,NA,NA,NA,NA,NA,NA,NA,NA
"394","Cluster304",NA,NA,NA,NA,NA,NA,NA,NA,NA,NA,NA,NA,NA,1,NA,NA,NA,NA,NA,NA,NA,NA,NA,NA,NA,NA,NA,NA,NA,NA,NA,1,NA,NA,NA,NA,NA,1,NA,NA,NA,NA,NA,NA,NA,NA,NA,NA,NA,NA,NA,NA,NA,NA,NA,NA,NA,NA,NA,NA,NA,NA
"395","Cluster45",NA,NA,NA,NA,NA,NA,NA,NA,NA,NA,NA,NA,NA,1,NA,NA,NA,NA,NA,NA,NA,NA,NA,NA,NA,NA,NA,NA,NA,NA,NA,NA,NA,NA,NA,NA,NA,NA,NA,NA,NA,NA,NA,NA,NA,NA,NA,NA,NA,NA,NA,NA,NA,NA,1,NA,NA,NA,NA,NA,NA,NA
"396","Cluster160",NA,NA,NA,NA,NA,NA,NA,NA,NA,NA,NA,NA,NA,1,NA,NA,NA,NA,NA,NA,NA,NA,NA,NA,NA,NA,NA,NA,NA,1,NA,NA,NA,NA,NA,NA,NA,NA,NA,NA,NA,1,NA,NA,NA,NA,NA,NA,NA,NA,NA,NA,NA,NA,NA,NA,NA,NA,NA,NA,NA,NA
"397","Cluster293",NA,NA,NA,NA,NA,NA,NA,NA,NA,NA,NA,NA,NA,1,NA,NA,NA,NA,NA,NA,NA,NA,NA,NA,NA,NA,NA,NA,NA,NA,NA,NA,NA,NA,NA,NA,NA,NA,NA,NA,1,NA,NA,NA,NA,1,NA,NA,NA,NA,NA,NA,NA,NA,NA,NA,NA,NA,NA,NA,NA,NA
"398","Cluster150",NA,NA,NA,NA,NA,NA,NA,NA,NA,NA,NA,NA,NA,1,NA,NA,NA,NA,NA,1,NA,NA,NA,NA,NA,NA,NA,NA,NA,NA,NA,NA,NA,NA,NA,NA,NA,NA,NA,1,NA,NA,NA,NA,NA,NA,1,NA,NA,NA,NA,NA,NA,NA,NA,NA,NA,NA,NA,NA,NA,NA
"399","Cluster303",NA,NA,NA,NA,NA,NA,NA,NA,NA,NA,NA,NA,NA,1,NA,NA,NA,NA,1,NA,1,NA,NA,NA,1,NA,NA,NA,NA,1,1,NA,1,NA,NA,NA,1,NA,NA,NA,NA,1,1,NA,NA,NA,NA,1,NA,NA,NA,NA,1,1,NA,NA,NA,NA,1,NA,NA,1
"400","Cluster104",NA,NA,NA,NA,NA,NA,NA,NA,NA,NA,NA,NA,NA,1,NA,NA,NA,NA,NA,NA,NA,NA,NA,NA,NA,NA,NA,1,1,NA,NA,NA,NA,NA,NA,1,NA,NA,NA,NA,NA,NA,NA,NA,NA,NA,NA,NA,NA,NA,1,1,NA,NA,NA,NA,1,NA,NA,NA,NA,NA
"401","Cluster9",NA,NA,NA,NA,NA,NA,NA,NA,NA,NA,NA,NA,NA,1,NA,NA,NA,1,NA,NA,NA,NA,NA,NA,NA,NA,NA,NA,1,NA,NA,NA,NA,NA,1,NA,NA,NA,NA,NA,NA,NA,NA,NA,NA,NA,NA,NA,NA,NA,NA,NA,NA,NA,NA,NA,NA,NA,NA,NA,NA,NA
"402","Cluster328",NA,NA,NA,NA,NA,NA,NA,NA,NA,NA,NA,NA,NA,1,NA,NA,NA,NA,NA,NA,NA,NA,NA,NA,NA,NA,NA,NA,NA,NA,NA,NA,NA,NA,NA,NA,NA,NA,NA,NA,NA,NA,NA,NA,NA,NA,NA,NA,NA,NA,NA,NA,NA,NA,NA,NA,NA,NA,NA,NA,1,NA
"403","Cluster324",NA,NA,NA,NA,NA,NA,NA,NA,NA,NA,NA,NA,NA,1,NA,NA,1,NA,NA,NA,NA,NA,NA,NA,NA,NA,NA,NA,NA,NA,NA,NA,NA,NA,NA,NA,NA,NA,NA,NA,NA,NA,NA,NA,NA,NA,NA,NA,NA,NA,NA,NA,NA,NA,NA,NA,1,NA,NA,NA,NA,NA
"404","Cluster181",NA,NA,NA,NA,NA,NA,NA,NA,NA,NA,NA,NA,NA,1,NA,NA,NA,NA,NA,NA,NA,NA,NA,NA,NA,NA,NA,NA,NA,NA,NA,NA,NA,NA,NA,NA,NA,NA,NA,NA,NA,NA,NA,NA,NA,NA,NA,NA,NA,NA,1,NA,NA,NA,NA,NA,NA,NA,NA,NA,NA,NA
"405","Cluster236",NA,NA,NA,NA,NA,NA,NA,NA,NA,NA,NA,NA,NA,1,NA,NA,NA,NA,NA,NA,NA,NA,NA,NA,NA,NA,NA,NA,NA,NA,NA,NA,NA,NA,NA,1,NA,NA,NA,NA,NA,NA,NA,NA,NA,NA,NA,NA,NA,NA,NA,NA,NA,NA,NA,NA,NA,NA,NA,NA,NA,NA
"406","Cluster163",NA,NA,NA,NA,NA,NA,NA,NA,NA,NA,NA,NA,NA,1,NA,NA,NA,NA,NA,NA,NA,NA,NA,NA,NA,NA,NA,NA,NA,NA,NA,NA,NA,NA,NA,NA,NA,NA,NA,NA,NA,NA,NA,NA,NA,NA,NA,NA,NA,NA,NA,NA,NA,NA,1,NA,NA,NA,NA,NA,NA,NA
"407","Cluster357",NA,NA,NA,NA,NA,NA,NA,NA,NA,NA,NA,NA,NA,1,NA,NA,NA,NA,NA,1,NA,NA,1,1,1,1,NA,1,1,1,1,NA,1,1,NA,NA,1,1,1,NA,NA,NA,1,1,NA,NA,1,1,NA,1,NA,1,1,1,1,NA,1,1,1,1,NA,1
"408","Cluster76",NA,NA,NA,NA,NA,NA,NA,NA,NA,NA,NA,NA,NA,1,NA,NA,NA,NA,NA,NA,NA,NA,NA,NA,NA,NA,NA,NA,NA,NA,NA,NA,NA,1,NA,NA,NA,NA,NA,NA,NA,NA,NA,NA,NA,NA,NA,NA,NA,NA,NA,NA,NA,NA,NA,NA,NA,NA,NA,NA,NA,NA
"409","Cluster211",NA,NA,NA,NA,NA,NA,NA,NA,NA,NA,NA,NA,NA,1,NA,NA,NA,NA,NA,NA,NA,NA,NA,NA,NA,NA,NA,NA,NA,NA,NA,NA,NA,NA,NA,NA,NA,1,NA,NA,NA,NA,NA,NA,NA,NA,NA,NA,NA,NA,NA,NA,NA,NA,NA,NA,NA,NA,NA,NA,NA,NA
"410","Cluster312",NA,NA,NA,NA,NA,NA,NA,NA,NA,NA,NA,NA,NA,1,NA,NA,NA,NA,NA,NA,NA,NA,NA,NA,NA,NA,NA,NA,NA,NA,NA,NA,NA,NA,NA,NA,NA,NA,NA,NA,NA,NA,NA,1,NA,NA,NA,NA,NA,NA,NA,NA,NA,NA,NA,NA,NA,NA,NA,NA,NA,NA
"411","Cluster339",NA,NA,NA,NA,NA,NA,NA,NA,NA,NA,NA,NA,NA,1,NA,NA,NA,NA,NA,NA,NA,NA,NA,NA,NA,NA,NA,NA,NA,NA,NA,NA,NA,NA,NA,NA,NA,NA,NA,NA,NA,NA,NA,NA,NA,NA,NA,NA,1,NA,NA,NA,NA,NA,NA,NA,NA,NA,NA,NA,NA,NA
"412","Cluster190",NA,NA,NA,NA,NA,NA,NA,NA,NA,NA,NA,NA,NA,1,NA,NA,NA,NA,NA,NA,NA,NA,NA,NA,NA,NA,NA,NA,NA,NA,NA,NA,NA,NA,NA,NA,NA,1,NA,NA,NA,NA,NA,NA,NA,NA,NA,NA,NA,NA,NA,NA,NA,NA,NA,NA,NA,NA,NA,1,NA,NA
"413","Cluster93",NA,NA,NA,NA,NA,NA,NA,NA,NA,NA,NA,NA,NA,1,NA,NA,NA,NA,NA,1,NA,NA,NA,NA,NA,NA,NA,NA,NA,NA,NA,NA,NA,NA,NA,NA,NA,NA,NA,NA,NA,NA,NA,NA,NA,NA,NA,NA,NA,NA,NA,NA,NA,NA,NA,NA,NA,NA,NA,NA,NA,NA
"414","Cluster53",NA,NA,NA,NA,NA,NA,NA,NA,NA,NA,NA,NA,NA,1,NA,NA,NA,NA,NA,NA,NA,NA,NA,NA,NA,NA,NA,NA,NA,NA,NA,NA,NA,NA,NA,NA,NA,NA,NA,NA,NA,NA,NA,1,NA,NA,NA,NA,NA,NA,NA,NA,NA,NA,NA,NA,NA,NA,NA,NA,NA,NA
"415","Cluster474",NA,NA,NA,NA,NA,NA,NA,NA,NA,NA,NA,NA,NA,1,NA,NA,NA,NA,NA,NA,NA,NA,NA,NA,NA,NA,NA,NA,NA,NA,NA,NA,NA,NA,NA,NA,NA,1,NA,NA,NA,NA,NA,NA,NA,NA,NA,NA,NA,NA,NA,NA,NA,NA,NA,NA,NA,NA,NA,NA,NA,NA
"416","Cluster280",NA,NA,NA,NA,NA,NA,NA,NA,NA,NA,NA,NA,NA,1,NA,NA,NA,NA,NA,NA,NA,NA,NA,NA,NA,NA,NA,NA,NA,NA,NA,NA,NA,NA,NA,NA,NA,1,NA,NA,NA,NA,NA,NA,NA,NA,NA,NA,NA,NA,NA,NA,NA,NA,NA,NA,NA,NA,NA,NA,NA,NA
"417","Cluster135",NA,NA,NA,NA,NA,NA,NA,NA,NA,NA,NA,NA,NA,1,NA,NA,NA,NA,NA,1,NA,NA,NA,NA,NA,NA,NA,NA,NA,NA,NA,NA,NA,NA,NA,NA,NA,NA,NA,NA,NA,NA,NA,NA,NA,NA,NA,NA,NA,NA,NA,NA,NA,NA,NA,NA,NA,NA,NA,NA,NA,NA
"418","Cluster226",NA,NA,NA,NA,NA,NA,NA,NA,NA,NA,NA,NA,NA,1,NA,NA,NA,NA,NA,NA,NA,1,NA,NA,NA,NA,NA,NA,NA,NA,NA,NA,NA,NA,NA,NA,NA,NA,NA,NA,NA,NA,NA,NA,NA,NA,NA,NA,NA,NA,NA,NA,NA,NA,NA,NA,NA,NA,NA,NA,NA,NA
"419","Cluster7",NA,NA,NA,NA,NA,NA,NA,NA,NA,NA,NA,NA,NA,NA,1,NA,NA,NA,NA,1,NA,NA,NA,NA,NA,NA,NA,NA,NA,NA,NA,NA,NA,NA,NA,NA,NA,1,NA,NA,NA,NA,NA,NA,NA,NA,NA,NA,NA,NA,NA,NA,NA,NA,NA,NA,1,NA,NA,NA,NA,NA
"420","Cluster138",NA,NA,NA,NA,NA,NA,NA,NA,NA,NA,NA,NA,NA,NA,1,NA,NA,NA,NA,NA,NA,NA,NA,NA,NA,NA,NA,NA,NA,NA,NA,NA,NA,NA,NA,NA,NA,NA,NA,NA,NA,NA,NA,NA,NA,NA,NA,NA,NA,NA,NA,NA,NA,NA,NA,NA,1,NA,NA,NA,NA,NA
"421","Cluster258",NA,NA,NA,NA,NA,NA,NA,NA,NA,NA,NA,NA,NA,NA,1,NA,NA,1,NA,NA,NA,1,NA,1,NA,NA,NA,NA,NA,NA,NA,NA,NA,NA,NA,NA,NA,NA,NA,NA,NA,NA,NA,NA,NA,NA,NA,NA,NA,NA,NA,NA,NA,NA,NA,NA,NA,NA,NA,NA,NA,NA
"422","Cluster309",NA,NA,NA,NA,NA,NA,NA,NA,NA,NA,NA,NA,NA,NA,1,NA,NA,1,1,NA,1,NA,1,1,1,NA,NA,NA,NA,1,1,NA,1,NA,NA,NA,1,1,1,1,NA,1,1,NA,NA,NA,NA,1,NA,1,NA,NA,1,1,1,1,1,1,1,NA,NA,1
"423","Cluster101",NA,NA,NA,NA,NA,NA,NA,NA,NA,NA,NA,NA,NA,NA,1,NA,NA,NA,NA,NA,NA,NA,NA,NA,NA,NA,NA,NA,NA,NA,NA,NA,NA,NA,NA,NA,NA,1,NA,NA,1,NA,NA,NA,NA,NA,NA,NA,1,NA,1,1,NA,NA,1,1,1,NA,NA,NA,NA,NA
"424","Cluster370",NA,NA,NA,NA,NA,NA,NA,NA,NA,NA,NA,NA,NA,NA,NA,1,NA,NA,NA,1,NA,NA,NA,NA,NA,NA,NA,NA,NA,NA,NA,NA,NA,NA,NA,NA,1,1,NA,NA,NA,1,NA,NA,NA,NA,NA,NA,NA,NA,NA,NA,NA,NA,NA,NA,NA,NA,1,NA,NA,1
"425","Cluster358",NA,NA,NA,NA,NA,NA,NA,NA,NA,NA,NA,NA,NA,NA,NA,1,NA,NA,NA,1,NA,NA,NA,NA,1,NA,NA,NA,1,NA,NA,NA,NA,NA,NA,NA,1,NA,NA,NA,NA,NA,NA,NA,NA,NA,NA,NA,NA,NA,NA,NA,NA,NA,NA,NA,NA,NA,NA,NA,NA,1
"426","Cluster234",NA,NA,NA,NA,NA,NA,NA,NA,NA,NA,NA,NA,NA,NA,NA,NA,1,NA,NA,NA,NA,NA,1,NA,NA,NA,NA,NA,NA,NA,NA,NA,NA,1,1,NA,NA,1,1,1,NA,NA,NA,NA,NA,NA,NA,NA,NA,NA,NA,NA,NA,NA,1,1,1,NA,NA,NA,NA,NA
"427","Cluster348",NA,NA,NA,NA,NA,NA,NA,NA,NA,NA,NA,NA,NA,NA,NA,NA,NA,1,NA,NA,NA,NA,NA,NA,NA,NA,NA,NA,NA,NA,NA,NA,NA,NA,NA,NA,NA,NA,NA,NA,NA,NA,NA,NA,NA,NA,NA,NA,NA,NA,NA,NA,NA,NA,NA,NA,1,NA,NA,NA,NA,NA
"428","Cluster259",NA,NA,NA,NA,NA,NA,NA,NA,NA,NA,NA,NA,NA,NA,NA,NA,NA,1,NA,NA,NA,NA,NA,NA,NA,NA,NA,NA,NA,NA,NA,NA,NA,NA,NA,NA,NA,NA,NA,NA,NA,NA,NA,1,NA,NA,NA,NA,NA,NA,NA,NA,NA,NA,NA,NA,NA,NA,NA,NA,NA,NA
"429","Cluster39",NA,NA,NA,NA,NA,NA,NA,NA,NA,NA,NA,NA,NA,NA,NA,NA,NA,NA,1,NA,1,NA,NA,NA,1,NA,NA,NA,NA,1,1,NA,1,NA,NA,NA,1,NA,NA,NA,NA,1,1,NA,NA,NA,NA,1,NA,NA,NA,NA,1,1,NA,NA,NA,NA,1,NA,NA,1
"430","Cluster207",NA,NA,NA,NA,NA,NA,NA,NA,NA,NA,NA,NA,NA,NA,NA,NA,NA,NA,1,NA,NA,NA,1,1,NA,NA,NA,NA,NA,NA,NA,NA,NA,NA,NA,NA,NA,NA,NA,NA,NA,NA,NA,NA,NA,NA,NA,NA,NA,NA,NA,NA,NA,NA,NA,NA,NA,NA,NA,NA,NA,NA
"431","Cluster3",NA,NA,NA,NA,NA,NA,NA,NA,NA,NA,NA,NA,NA,NA,NA,NA,NA,NA,1,NA,1,NA,1,NA,1,NA,1,NA,NA,1,1,NA,1,NA,NA,NA,1,NA,NA,NA,NA,1,1,NA,NA,NA,NA,1,NA,NA,NA,NA,1,1,NA,NA,NA,NA,1,NA,NA,1
"432","Cluster13",NA,NA,NA,NA,NA,NA,NA,NA,NA,NA,NA,NA,NA,NA,NA,NA,NA,NA,1,NA,1,NA,NA,NA,1,NA,NA,NA,NA,1,1,NA,1,NA,NA,NA,1,NA,NA,NA,NA,1,1,NA,NA,NA,NA,1,NA,NA,NA,NA,1,1,NA,NA,NA,NA,1,NA,NA,1
"433","Cluster130",NA,NA,NA,NA,NA,NA,NA,NA,NA,NA,NA,NA,NA,NA,NA,NA,NA,NA,1,NA,1,NA,NA,NA,1,NA,NA,NA,NA,1,1,NA,1,NA,NA,NA,1,NA,NA,NA,NA,NA,1,NA,NA,NA,NA,1,NA,NA,NA,NA,NA,1,NA,NA,NA,NA,1,NA,NA,1
"434","Cluster429",NA,NA,NA,NA,NA,NA,NA,NA,NA,NA,NA,NA,NA,NA,NA,NA,NA,NA,1,NA,NA,1,NA,NA,NA,1,NA,NA,NA,NA,1,NA,1,1,NA,NA,NA,NA,NA,NA,1,NA,NA,1,1,1,NA,NA,NA,NA,NA,NA,NA,NA,NA,NA,NA,NA,NA,NA,NA,NA
"435","Cluster16",NA,NA,NA,NA,NA,NA,NA,NA,NA,NA,NA,NA,NA,NA,NA,NA,NA,NA,1,NA,1,NA,NA,NA,1,NA,NA,NA,NA,1,1,NA,1,NA,NA,NA,1,NA,NA,NA,NA,1,1,NA,NA,NA,NA,1,NA,NA,NA,NA,1,1,NA,NA,NA,NA,1,NA,NA,1
"436","Cluster338",NA,NA,NA,NA,NA,NA,NA,NA,NA,NA,NA,NA,NA,NA,NA,NA,NA,NA,1,NA,1,NA,NA,NA,NA,NA,NA,NA,NA,NA,1,NA,NA,NA,NA,NA,NA,NA,NA,NA,NA,NA,NA,NA,NA,NA,NA,NA,NA,NA,NA,NA,NA,1,NA,NA,NA,NA,NA,NA,NA,NA
"437","Cluster18",NA,NA,NA,NA,NA,NA,NA,NA,NA,NA,NA,NA,NA,NA,NA,NA,NA,NA,1,NA,1,NA,NA,NA,1,NA,NA,NA,NA,1,1,NA,1,NA,NA,NA,1,NA,NA,NA,NA,1,1,NA,NA,NA,NA,1,NA,NA,NA,NA,1,1,NA,NA,NA,NA,1,NA,NA,1
"438","Cluster15",NA,NA,NA,NA,NA,NA,NA,NA,NA,NA,NA,NA,NA,NA,NA,NA,NA,NA,1,NA,1,NA,NA,NA,1,NA,NA,NA,NA,1,1,NA,1,NA,NA,NA,1,NA,NA,NA,NA,1,1,NA,NA,NA,NA,1,NA,NA,NA,NA,1,1,NA,NA,NA,NA,1,NA,NA,1
"439","Cluster11",NA,NA,NA,NA,NA,NA,NA,NA,NA,NA,NA,NA,NA,NA,NA,NA,NA,NA,1,NA,1,NA,NA,NA,1,NA,NA,NA,NA,1,1,NA,1,NA,NA,NA,1,NA,NA,NA,NA,1,1,NA,NA,NA,NA,1,NA,NA,NA,NA,1,1,NA,NA,NA,NA,1,NA,NA,1
"440","Cluster21",NA,NA,NA,NA,NA,NA,NA,NA,NA,NA,NA,NA,NA,NA,NA,NA,NA,NA,1,NA,1,NA,NA,NA,1,NA,NA,NA,NA,1,1,NA,1,NA,NA,NA,NA,NA,NA,NA,NA,1,1,NA,NA,NA,NA,1,NA,NA,NA,NA,1,1,NA,NA,NA,NA,1,NA,NA,1
"441","Cluster22",NA,NA,NA,NA,NA,NA,NA,NA,NA,NA,NA,NA,NA,NA,NA,NA,NA,NA,1,NA,1,NA,NA,NA,1,NA,NA,NA,NA,1,1,NA,1,NA,NA,NA,1,NA,NA,NA,NA,1,1,NA,NA,NA,NA,1,NA,NA,NA,NA,1,1,NA,NA,NA,NA,1,NA,NA,1
"442","Cluster157",NA,NA,NA,NA,NA,NA,NA,NA,NA,NA,NA,NA,NA,NA,NA,NA,NA,NA,1,NA,1,NA,NA,NA,1,NA,NA,NA,NA,1,1,NA,1,NA,NA,NA,1,NA,NA,NA,NA,1,1,NA,NA,NA,NA,1,NA,NA,NA,NA,1,NA,NA,NA,NA,NA,1,NA,NA,1
"443","Cluster404",NA,NA,NA,NA,NA,NA,NA,NA,NA,NA,NA,NA,NA,NA,NA,NA,NA,NA,1,NA,1,NA,NA,NA,1,NA,NA,NA,NA,1,1,NA,1,NA,NA,NA,1,NA,NA,NA,NA,1,1,NA,NA,NA,NA,1,NA,NA,NA,NA,1,1,NA,NA,NA,NA,1,NA,NA,1
"444","Cluster164",NA,NA,NA,NA,NA,NA,NA,NA,NA,NA,NA,NA,NA,NA,NA,NA,NA,NA,1,NA,1,NA,NA,NA,1,NA,NA,NA,NA,1,1,NA,1,NA,NA,NA,NA,NA,NA,NA,NA,1,1,NA,NA,NA,NA,1,NA,NA,NA,NA,1,1,NA,NA,NA,NA,1,NA,NA,1
"445","Cluster266",NA,NA,NA,NA,NA,NA,NA,NA,NA,NA,NA,NA,NA,NA,NA,NA,NA,NA,1,NA,1,NA,NA,NA,1,NA,NA,NA,NA,1,1,NA,1,NA,NA,NA,1,NA,NA,NA,NA,1,NA,NA,NA,NA,NA,1,NA,NA,NA,NA,NA,NA,NA,NA,NA,NA,NA,NA,NA,NA
"446","Cluster17",NA,NA,NA,NA,NA,NA,NA,NA,NA,NA,NA,NA,NA,NA,NA,NA,NA,NA,1,NA,1,NA,NA,NA,1,NA,NA,NA,NA,1,1,NA,1,NA,NA,NA,1,NA,NA,NA,NA,1,1,NA,NA,NA,NA,1,NA,NA,NA,NA,1,1,NA,NA,NA,NA,1,NA,NA,1
"447","Cluster399",NA,NA,NA,NA,NA,NA,NA,NA,NA,NA,NA,NA,NA,NA,NA,NA,NA,NA,1,NA,NA,NA,NA,NA,NA,NA,NA,NA,NA,1,NA,NA,NA,NA,NA,NA,NA,NA,NA,NA,NA,1,NA,NA,NA,NA,NA,NA,NA,NA,NA,NA,1,NA,NA,NA,NA,NA,NA,NA,NA,1
"448","Cluster321",NA,NA,NA,NA,NA,NA,NA,NA,NA,NA,NA,NA,NA,NA,NA,NA,NA,NA,1,NA,1,NA,NA,NA,1,NA,NA,NA,NA,1,NA,NA,NA,NA,NA,NA,1,NA,NA,NA,NA,NA,NA,NA,NA,NA,NA,NA,NA,NA,NA,NA,1,NA,NA,NA,NA,NA,NA,NA,NA,1
"449","Cluster426",NA,NA,NA,NA,NA,NA,NA,NA,NA,NA,NA,NA,NA,NA,NA,NA,NA,NA,1,NA,1,NA,NA,NA,1,NA,NA,NA,NA,1,1,NA,1,NA,NA,NA,1,NA,NA,NA,NA,1,1,NA,NA,NA,NA,1,NA,NA,NA,NA,1,1,NA,NA,NA,NA,1,NA,NA,1
"450","Cluster461",NA,NA,NA,NA,NA,NA,NA,NA,NA,NA,NA,NA,NA,NA,NA,NA,NA,NA,1,NA,1,NA,NA,NA,1,NA,NA,NA,NA,1,1,NA,1,NA,NA,NA,1,NA,NA,NA,NA,1,1,NA,NA,NA,NA,1,NA,NA,NA,NA,1,1,NA,NA,NA,NA,1,NA,NA,1
"451","Cluster323",NA,NA,NA,NA,NA,NA,NA,NA,NA,NA,NA,NA,NA,NA,NA,NA,NA,NA,1,NA,1,NA,NA,NA,1,NA,NA,NA,NA,1,1,NA,1,NA,NA,NA,1,NA,NA,NA,NA,1,1,NA,NA,NA,NA,1,NA,NA,NA,NA,1,1,NA,NA,NA,NA,1,NA,NA,1
"452","Cluster403",NA,NA,NA,NA,NA,NA,NA,NA,NA,NA,NA,NA,NA,NA,NA,NA,NA,NA,1,1,NA,NA,NA,1,NA,NA,1,NA,NA,NA,NA,NA,NA,NA,NA,NA,NA,NA,NA,NA,NA,NA,NA,NA,NA,NA,NA,NA,NA,NA,NA,NA,NA,NA,NA,NA,NA,NA,NA,NA,NA,NA
"453","Cluster74",NA,NA,NA,NA,NA,NA,NA,NA,NA,NA,NA,NA,NA,NA,NA,NA,NA,NA,1,NA,1,NA,NA,NA,1,NA,NA,NA,NA,1,1,NA,1,NA,NA,NA,1,NA,NA,NA,NA,1,1,NA,NA,NA,NA,1,NA,NA,NA,NA,1,1,NA,NA,NA,NA,1,NA,NA,1
"454","Cluster14",NA,NA,NA,NA,NA,NA,NA,NA,NA,NA,NA,NA,NA,NA,NA,NA,NA,NA,1,NA,NA,NA,NA,NA,NA,NA,NA,NA,NA,NA,NA,NA,NA,NA,NA,NA,NA,NA,NA,NA,NA,NA,1,NA,NA,NA,NA,NA,NA,NA,NA,NA,1,NA,1,NA,NA,NA,NA,NA,NA,NA
"455","Cluster282",NA,NA,NA,NA,NA,NA,NA,NA,NA,NA,NA,NA,NA,NA,NA,NA,NA,NA,1,1,1,NA,NA,NA,1,1,NA,1,NA,1,1,1,1,NA,NA,1,1,1,1,NA,NA,NA,NA,1,1,NA,NA,NA,NA,NA,NA,NA,NA,1,1,1,1,NA,NA,1,NA,NA
"456","Cluster192",NA,NA,NA,NA,NA,NA,NA,NA,NA,NA,NA,NA,NA,NA,NA,NA,NA,NA,1,1,1,1,1,1,1,1,1,1,1,1,1,1,1,1,NA,1,1,1,1,1,NA,1,NA,1,1,1,1,NA,1,1,NA,1,1,NA,1,1,1,1,1,NA,1,1
"457","Cluster274",NA,NA,NA,NA,NA,NA,NA,NA,NA,NA,NA,NA,NA,NA,NA,NA,NA,NA,1,1,1,1,1,1,1,1,1,1,1,1,1,1,1,1,1,1,1,1,1,1,1,1,1,NA,1,1,1,1,1,1,1,1,1,1,1,1,1,1,1,1,1,1
"458","Cluster495",NA,NA,NA,NA,NA,NA,NA,NA,NA,NA,NA,NA,NA,NA,NA,NA,NA,NA,1,NA,NA,NA,NA,NA,NA,NA,NA,NA,NA,1,1,NA,NA,NA,NA,NA,NA,NA,NA,NA,NA,1,1,NA,NA,NA,NA,1,NA,NA,NA,NA,1,NA,NA,1,NA,NA,NA,NA,NA,1
"459","Cluster332",NA,NA,NA,NA,NA,NA,NA,NA,NA,NA,NA,NA,NA,NA,NA,NA,NA,NA,1,NA,1,NA,NA,NA,1,NA,NA,NA,NA,1,1,1,1,NA,NA,NA,1,NA,NA,NA,NA,1,1,NA,NA,NA,NA,1,NA,NA,NA,NA,1,1,NA,NA,NA,NA,1,NA,NA,1
"460","Cluster128",NA,NA,NA,NA,NA,NA,NA,NA,NA,NA,NA,NA,NA,NA,NA,NA,NA,NA,1,1,1,NA,NA,1,NA,NA,NA,NA,NA,1,1,NA,1,NA,NA,NA,NA,1,NA,1,NA,1,1,NA,NA,NA,1,1,NA,NA,NA,NA,NA,NA,NA,NA,1,1,NA,NA,NA,1
"461","Cluster389",NA,NA,NA,NA,NA,NA,NA,NA,NA,NA,NA,NA,NA,NA,NA,NA,NA,NA,1,1,1,1,1,1,1,1,1,1,1,1,1,1,1,1,1,1,1,1,1,1,1,1,1,NA,1,1,1,1,1,1,1,1,1,1,1,1,1,1,1,1,1,1
"462","Cluster504",NA,NA,NA,NA,NA,NA,NA,NA,NA,NA,NA,NA,NA,NA,NA,NA,NA,NA,1,1,1,1,1,1,1,1,1,1,1,1,1,1,1,1,1,1,1,1,1,1,1,1,1,NA,1,1,1,1,1,1,1,1,1,1,1,1,1,1,1,1,1,1
"463","Cluster279",NA,NA,NA,NA,NA,NA,NA,NA,NA,NA,NA,NA,NA,NA,NA,NA,NA,NA,1,NA,NA,NA,NA,NA,NA,NA,NA,NA,NA,NA,1,NA,1,1,NA,NA,NA,NA,NA,NA,NA,1,1,1,NA,NA,NA,1,NA,NA,NA,NA,1,NA,NA,NA,1,NA,NA,NA,NA,1
"464","Cluster346",NA,NA,NA,NA,NA,NA,NA,NA,NA,NA,NA,NA,NA,NA,NA,NA,NA,NA,1,NA,1,NA,NA,NA,1,NA,NA,NA,NA,1,1,NA,1,NA,NA,NA,1,NA,NA,NA,NA,1,1,1,NA,NA,NA,1,NA,NA,NA,NA,1,1,NA,NA,NA,NA,1,NA,NA,1
"465","Cluster407",NA,NA,NA,NA,NA,NA,NA,NA,NA,NA,NA,NA,NA,NA,NA,NA,NA,NA,NA,1,NA,NA,NA,NA,NA,1,NA,NA,NA,NA,NA,NA,NA,NA,NA,NA,NA,NA,NA,NA,NA,NA,NA,NA,NA,NA,NA,NA,NA,NA,NA,NA,NA,NA,NA,NA,NA,NA,NA,NA,NA,NA
"466","Cluster221",NA,NA,NA,NA,NA,NA,NA,NA,NA,NA,NA,NA,NA,NA,NA,NA,NA,NA,NA,1,NA,NA,NA,NA,NA,NA,NA,NA,NA,NA,NA,NA,NA,NA,NA,NA,NA,1,NA,NA,NA,NA,NA,NA,NA,NA,NA,NA,NA,NA,NA,NA,NA,NA,NA,NA,NA,1,NA,1,NA,NA
"467","Cluster61",NA,NA,NA,NA,NA,NA,NA,NA,NA,NA,NA,NA,NA,NA,NA,NA,NA,NA,NA,1,NA,NA,NA,NA,NA,NA,NA,NA,NA,NA,NA,NA,NA,NA,NA,NA,NA,NA,NA,NA,1,NA,NA,NA,NA,NA,NA,NA,NA,NA,NA,1,NA,NA,NA,NA,1,NA,NA,NA,NA,NA
"468","Cluster465",NA,NA,NA,NA,NA,NA,NA,NA,NA,NA,NA,NA,NA,NA,NA,NA,NA,NA,NA,1,NA,NA,NA,NA,NA,NA,NA,NA,NA,NA,NA,NA,NA,NA,NA,NA,NA,1,1,NA,NA,NA,NA,NA,NA,NA,NA,NA,NA,NA,NA,NA,NA,NA,NA,NA,NA,1,NA,NA,NA,NA
"469","Cluster327",NA,NA,NA,NA,NA,NA,NA,NA,NA,NA,NA,NA,NA,NA,NA,NA,NA,NA,NA,1,NA,NA,NA,NA,NA,NA,NA,NA,NA,NA,NA,NA,NA,NA,NA,NA,NA,1,NA,NA,NA,NA,NA,NA,NA,NA,NA,NA,NA,NA,NA,NA,NA,NA,1,1,1,NA,NA,NA,NA,NA
"470","Cluster449",NA,NA,NA,NA,NA,NA,NA,NA,NA,NA,NA,NA,NA,NA,NA,NA,NA,NA,NA,1,NA,NA,NA,NA,NA,NA,NA,NA,NA,NA,NA,NA,NA,NA,NA,NA,NA,1,NA,NA,NA,NA,NA,NA,NA,NA,NA,NA,NA,NA,NA,NA,NA,NA,NA,NA,1,NA,NA,NA,NA,NA
"471","Cluster231",NA,NA,NA,NA,NA,NA,NA,NA,NA,NA,NA,NA,NA,NA,NA,NA,NA,NA,NA,1,NA,NA,NA,NA,1,1,NA,NA,NA,1,1,NA,1,NA,NA,NA,1,1,1,NA,NA,1,NA,NA,NA,NA,NA,NA,NA,NA,NA,NA,NA,NA,NA,NA,NA,1,1,1,NA,1
"472","Cluster81",NA,NA,NA,NA,NA,NA,NA,NA,NA,NA,NA,NA,NA,NA,NA,NA,NA,NA,NA,1,NA,1,1,1,1,1,NA,NA,1,1,NA,NA,NA,1,1,1,NA,NA,1,NA,NA,1,NA,NA,NA,NA,1,NA,1,1,1,1,NA,NA,NA,NA,NA,NA,NA,1,NA,1
"473","Cluster10",NA,NA,NA,NA,NA,NA,NA,NA,NA,NA,NA,NA,NA,NA,NA,NA,NA,NA,NA,NA,1,NA,NA,NA,NA,NA,NA,NA,NA,NA,NA,NA,1,NA,NA,NA,NA,NA,NA,NA,NA,NA,NA,NA,NA,NA,NA,NA,NA,NA,NA,NA,NA,NA,NA,NA,NA,NA,NA,NA,NA,NA
"474","Cluster132",NA,NA,NA,NA,NA,NA,NA,NA,NA,NA,NA,NA,NA,NA,NA,NA,NA,NA,NA,NA,1,NA,NA,NA,1,NA,NA,NA,NA,NA,NA,NA,NA,NA,NA,NA,NA,NA,NA,NA,NA,NA,NA,NA,NA,NA,NA,NA,NA,NA,NA,NA,NA,NA,NA,NA,NA,NA,NA,NA,NA,NA
"475","Cluster322",NA,NA,NA,NA,NA,NA,NA,NA,NA,NA,NA,NA,NA,NA,NA,NA,NA,NA,NA,NA,1,NA,NA,NA,1,NA,NA,NA,NA,1,1,NA,1,NA,NA,NA,1,NA,NA,NA,NA,1,1,NA,NA,NA,NA,1,NA,NA,NA,NA,1,1,NA,NA,NA,NA,1,NA,NA,1
"476","Cluster20",NA,NA,NA,NA,NA,NA,NA,NA,NA,NA,NA,NA,NA,NA,NA,NA,NA,NA,NA,NA,1,NA,NA,NA,1,NA,NA,NA,NA,1,NA,NA,NA,NA,NA,NA,1,NA,NA,NA,NA,1,NA,NA,NA,NA,NA,1,NA,NA,NA,NA,1,1,NA,NA,NA,NA,1,NA,NA,1
"477","Cluster19",NA,NA,NA,NA,NA,NA,NA,NA,NA,NA,NA,NA,NA,NA,NA,NA,NA,NA,NA,NA,1,NA,NA,NA,1,NA,NA,NA,NA,1,NA,NA,1,NA,NA,NA,1,NA,NA,NA,NA,1,NA,NA,NA,NA,NA,1,NA,NA,NA,NA,1,1,NA,NA,NA,NA,1,NA,NA,1
"478","Cluster278",NA,NA,NA,NA,NA,NA,NA,NA,NA,NA,NA,NA,NA,NA,NA,NA,NA,NA,NA,NA,1,NA,NA,NA,1,NA,NA,NA,NA,1,1,NA,NA,NA,NA,NA,1,NA,NA,NA,NA,1,NA,NA,NA,NA,NA,NA,NA,NA,NA,NA,NA,NA,NA,NA,NA,NA,1,NA,NA,1
"479","Cluster177",NA,NA,NA,NA,NA,NA,NA,NA,NA,NA,NA,NA,NA,NA,NA,NA,NA,NA,NA,NA,NA,1,NA,NA,NA,NA,NA,NA,NA,1,NA,NA,NA,NA,NA,NA,NA,NA,NA,NA,NA,NA,NA,NA,NA,NA,1,NA,NA,NA,NA,NA,1,NA,NA,NA,NA,NA,NA,1,NA,NA
"480","Cluster126",NA,NA,NA,NA,NA,NA,NA,NA,NA,NA,NA,NA,NA,NA,NA,NA,NA,NA,NA,NA,NA,NA,1,NA,1,NA,1,NA,1,NA,NA,1,NA,1,NA,1,1,NA,1,NA,1,NA,NA,NA,NA,NA,NA,NA,NA,NA,NA,1,1,1,NA,NA,1,NA,1,1,NA,NA
"481","Cluster65",NA,NA,NA,NA,NA,NA,NA,NA,NA,NA,NA,NA,NA,NA,NA,NA,NA,NA,NA,NA,NA,NA,NA,1,NA,1,NA,NA,1,NA,NA,NA,NA,NA,NA,NA,NA,1,1,NA,NA,NA,NA,NA,NA,NA,1,1,NA,1,NA,1,1,NA,NA,1,1,NA,NA,NA,1,NA
"482","Cluster467",NA,NA,NA,NA,NA,NA,NA,NA,NA,NA,NA,NA,NA,NA,NA,NA,NA,NA,NA,NA,NA,NA,NA,1,NA,NA,1,NA,NA,1,1,NA,NA,NA,NA,NA,NA,NA,NA,NA,NA,NA,1,NA,NA,NA,NA,1,NA,NA,NA,NA,NA,NA,NA,NA,NA,NA,1,NA,NA,NA
"483","Cluster329",NA,NA,NA,NA,NA,NA,NA,NA,NA,NA,NA,NA,NA,NA,NA,NA,NA,NA,NA,NA,NA,NA,NA,NA,1,NA,NA,NA,NA,1,NA,NA,1,NA,NA,NA,1,NA,NA,NA,NA,1,NA,NA,NA,NA,NA,NA,NA,NA,NA,NA,NA,NA,NA,NA,NA,NA,NA,NA,NA,1
"484","Cluster263",NA,NA,NA,NA,NA,NA,NA,NA,NA,NA,NA,NA,NA,NA,NA,NA,NA,NA,NA,NA,NA,NA,NA,NA,1,NA,NA,NA,NA,1,NA,NA,1,NA,NA,NA,1,1,1,1,NA,1,NA,NA,NA,NA,NA,NA,NA,NA,NA,NA,NA,1,NA,NA,NA,NA,1,NA,NA,1
"485","Cluster242",NA,NA,NA,NA,NA,NA,NA,NA,NA,NA,NA,NA,NA,NA,NA,NA,NA,NA,NA,NA,NA,NA,NA,NA,NA,1,NA,NA,NA,NA,NA,NA,NA,NA,NA,NA,NA,NA,NA,NA,NA,NA,NA,NA,NA,NA,NA,NA,NA,NA,NA,1,NA,NA,1,NA,NA,NA,NA,NA,NA,NA
"486","Cluster434",NA,NA,NA,NA,NA,NA,NA,NA,NA,NA,NA,NA,NA,NA,NA,NA,NA,NA,NA,NA,NA,NA,NA,NA,NA,1,NA,NA,NA,NA,NA,NA,NA,NA,NA,NA,NA,1,NA,NA,NA,NA,NA,1,NA,NA,NA,NA,NA,1,NA,NA,NA,NA,NA,NA,NA,NA,NA,NA,NA,NA
"487","Cluster416",NA,NA,NA,NA,NA,NA,NA,NA,NA,NA,NA,NA,NA,NA,NA,NA,NA,NA,NA,NA,NA,NA,NA,NA,NA,1,NA,NA,NA,NA,NA,NA,NA,NA,NA,NA,NA,NA,NA,NA,NA,NA,NA,NA,NA,NA,1,NA,NA,NA,NA,NA,NA,NA,NA,NA,NA,NA,NA,NA,NA,NA
"488","Cluster117",NA,NA,NA,NA,NA,NA,NA,NA,NA,NA,NA,NA,NA,NA,NA,NA,NA,NA,NA,NA,NA,NA,NA,NA,NA,NA,NA,1,NA,NA,NA,NA,NA,NA,NA,NA,NA,NA,NA,NA,NA,NA,NA,NA,NA,NA,NA,NA,NA,NA,NA,NA,NA,NA,NA,NA,1,NA,NA,NA,NA,NA
"489","Cluster86",NA,NA,NA,NA,NA,NA,NA,NA,NA,NA,NA,NA,NA,NA,NA,NA,NA,NA,NA,NA,NA,NA,NA,NA,NA,NA,NA,1,NA,NA,NA,NA,NA,NA,NA,NA,NA,NA,NA,NA,NA,NA,NA,NA,NA,NA,NA,NA,NA,NA,NA,NA,NA,NA,NA,1,NA,NA,NA,NA,1,NA
"490","Cluster487",NA,NA,NA,NA,NA,NA,NA,NA,NA,NA,NA,NA,NA,NA,NA,NA,NA,NA,NA,NA,NA,NA,NA,NA,NA,NA,NA,NA,NA,1,NA,NA,NA,1,NA,NA,NA,NA,1,NA,NA,1,NA,NA,NA,NA,1,NA,NA,1,NA,NA,NA,NA,NA,NA,NA,NA,NA,NA,NA,1
"491","Cluster27",NA,NA,NA,NA,NA,NA,NA,NA,NA,NA,NA,NA,NA,NA,NA,NA,NA,NA,NA,NA,NA,NA,NA,NA,NA,NA,NA,NA,NA,1,1,NA,1,NA,NA,NA,1,NA,NA,NA,NA,1,NA,NA,NA,NA,NA,NA,NA,NA,NA,NA,NA,NA,NA,NA,NA,NA,NA,NA,NA,NA
"492","Cluster75",NA,NA,NA,NA,NA,NA,NA,NA,NA,NA,NA,NA,NA,NA,NA,NA,NA,NA,NA,NA,NA,NA,NA,NA,NA,NA,NA,NA,NA,NA,NA,1,NA,NA,NA,NA,NA,NA,NA,1,1,NA,NA,NA,NA,NA,NA,NA,NA,NA,NA,NA,NA,NA,NA,NA,1,NA,NA,NA,NA,NA
"493","Cluster463",NA,NA,NA,NA,NA,NA,NA,NA,NA,NA,NA,NA,NA,NA,NA,NA,NA,NA,NA,NA,NA,NA,NA,NA,NA,NA,NA,NA,NA,NA,NA,1,NA,NA,NA,NA,NA,NA,NA,NA,NA,NA,NA,NA,NA,1,NA,NA,NA,NA,NA,NA,NA,NA,NA,NA,NA,NA,NA,NA,NA,NA
"494","Cluster246",NA,NA,NA,NA,NA,NA,NA,NA,NA,NA,NA,NA,NA,NA,NA,NA,NA,NA,NA,NA,NA,NA,NA,NA,NA,NA,NA,NA,NA,NA,NA,NA,NA,1,NA,NA,NA,NA,NA,1,NA,NA,NA,NA,NA,NA,NA,NA,NA,NA,NA,NA,NA,NA,NA,NA,NA,NA,NA,NA,NA,NA
"495","Cluster466",NA,NA,NA,NA,NA,NA,NA,NA,NA,NA,NA,NA,NA,NA,NA,NA,NA,NA,NA,NA,NA,NA,NA,NA,NA,NA,NA,NA,NA,NA,NA,NA,NA,1,NA,NA,NA,1,NA,NA,NA,NA,NA,NA,NA,NA,NA,NA,NA,NA,NA,NA,NA,NA,NA,NA,NA,NA,NA,NA,NA,NA
"496","Cluster457",NA,NA,NA,NA,NA,NA,NA,NA,NA,NA,NA,NA,NA,NA,NA,NA,NA,NA,NA,NA,NA,NA,NA,NA,NA,NA,NA,NA,NA,NA,NA,NA,NA,1,NA,NA,NA,NA,NA,NA,NA,NA,NA,NA,NA,NA,NA,NA,NA,NA,NA,1,NA,NA,NA,NA,NA,NA,NA,NA,NA,NA
"497","Cluster452",NA,NA,NA,NA,NA,NA,NA,NA,NA,NA,NA,NA,NA,NA,NA,NA,NA,NA,NA,NA,NA,NA,NA,NA,NA,NA,NA,NA,NA,NA,NA,NA,NA,NA,NA,1,NA,NA,NA,NA,NA,NA,NA,NA,NA,NA,NA,NA,NA,NA,NA,NA,NA,NA,NA,NA,NA,NA,NA,NA,1,NA
"498","Cluster84",NA,NA,NA,NA,NA,NA,NA,NA,NA,NA,NA,NA,NA,NA,NA,NA,NA,NA,NA,NA,NA,NA,NA,NA,NA,NA,NA,NA,NA,NA,NA,NA,NA,NA,NA,1,NA,1,NA,NA,NA,NA,NA,NA,NA,NA,NA,NA,NA,NA,1,NA,NA,NA,NA,NA,1,NA,NA,NA,NA,NA
"499","Cluster508",NA,NA,NA,NA,NA,NA,NA,NA,NA,NA,NA,NA,NA,NA,NA,NA,NA,NA,NA,NA,NA,NA,NA,NA,NA,NA,NA,NA,NA,NA,NA,NA,NA,NA,NA,1,NA,NA,NA,NA,NA,1,NA,NA,NA,NA,NA,NA,NA,NA,1,NA,NA,NA,NA,1,NA,NA,NA,NA,1,NA
"500","Cluster262",NA,NA,NA,NA,NA,NA,NA,NA,NA,NA,NA,NA,NA,NA,NA,NA,NA,NA,NA,NA,NA,NA,NA,NA,NA,NA,NA,NA,NA,NA,NA,NA,NA,NA,NA,1,NA,NA,1,NA,NA,NA,NA,NA,1,NA,NA,NA,NA,NA,NA,1,NA,NA,NA,NA,1,NA,NA,NA,NA,NA
"501","Cluster56",NA,NA,NA,NA,NA,NA,NA,NA,NA,NA,NA,NA,NA,NA,NA,NA,NA,NA,NA,NA,NA,NA,NA,NA,NA,NA,NA,NA,NA,NA,NA,NA,NA,NA,NA,1,NA,NA,NA,NA,NA,NA,NA,1,NA,NA,NA,NA,NA,NA,NA,NA,NA,NA,NA,NA,NA,NA,NA,NA,NA,NA
"502","Cluster356",NA,NA,NA,NA,NA,NA,NA,NA,NA,NA,NA,NA,NA,NA,NA,NA,NA,NA,NA,NA,NA,NA,NA,NA,NA,NA,NA,NA,NA,NA,NA,NA,NA,NA,NA,NA,1,NA,NA,NA,NA,NA,NA,NA,NA,NA,NA,NA,NA,NA,NA,NA,NA,1,NA,NA,NA,NA,1,NA,NA,NA
"503","Cluster402",NA,NA,NA,NA,NA,NA,NA,NA,NA,NA,NA,NA,NA,NA,NA,NA,NA,NA,NA,NA,NA,NA,NA,NA,NA,NA,NA,NA,NA,NA,NA,NA,NA,NA,NA,NA,NA,1,1,NA,NA,NA,NA,NA,NA,NA,NA,NA,NA,NA,NA,NA,NA,NA,NA,NA,NA,NA,NA,NA,NA,NA
"504","Cluster483",NA,NA,NA,NA,NA,NA,NA,NA,NA,NA,NA,NA,NA,NA,NA,NA,NA,NA,NA,NA,NA,NA,NA,NA,NA,NA,NA,NA,NA,NA,NA,NA,NA,NA,NA,NA,NA,1,NA,NA,NA,NA,NA,NA,NA,NA,NA,NA,NA,NA,NA,NA,NA,NA,NA,NA,1,NA,NA,NA,NA,NA
"505","Cluster219",NA,NA,NA,NA,NA,NA,NA,NA,NA,NA,NA,NA,NA,NA,NA,NA,NA,NA,NA,NA,NA,NA,NA,NA,NA,NA,NA,NA,NA,NA,NA,NA,NA,NA,NA,NA,NA,NA,NA,NA,NA,NA,1,NA,NA,NA,NA,NA,NA,NA,NA,NA,1,NA,NA,NA,NA,NA,NA,NA,NA,1
"506","Cluster200",NA,NA,NA,NA,NA,NA,NA,NA,NA,NA,NA,NA,NA,NA,NA,NA,NA,NA,NA,NA,NA,NA,NA,NA,NA,NA,NA,NA,NA,NA,NA,NA,NA,NA,NA,NA,NA,NA,NA,NA,NA,NA,NA,1,1,NA,NA,NA,NA,NA,NA,NA,NA,NA,NA,NA,NA,NA,NA,NA,NA,NA
"507","Cluster212",NA,NA,NA,NA,NA,NA,NA,NA,NA,NA,NA,NA,NA,NA,NA,NA,NA,NA,NA,NA,NA,NA,NA,NA,NA,NA,NA,NA,NA,NA,NA,NA,NA,NA,NA,NA,NA,NA,NA,NA,NA,NA,NA,NA,NA,NA,NA,NA,NA,NA,NA,1,NA,NA,1,NA,NA,NA,NA,NA,NA,NA
"508","Cluster308",NA,NA,NA,NA,NA,NA,NA,NA,NA,NA,NA,NA,NA,NA,NA,NA,NA,NA,NA,NA,NA,NA,NA,NA,NA,NA,NA,NA,NA,NA,NA,NA,NA,NA,NA,NA,NA,NA,NA,NA,NA,NA,NA,NA,NA,NA,NA,NA,NA,NA,NA,NA,NA,NA,NA,NA,NA,NA,1,NA,NA,1
